id,type,inScheme,member,prefLabel,notation,topConceptOf,theme,broader,broaderTransitive,semanticRelation,narrower,narrowerTransitive,altLabel,belongsTo,hasTopConcept
https://data.omgeving.vlaanderen.be/id/collection/fysico-chemisch/water,http://www.w3.org/2004/02/skos/core#Collection,https://data.omgeving.vlaanderen.be/id/conceptscheme/fysico-chemische-eigenschap,https://data.omgeving.vlaanderen.be/id/concept/fysico-chemisch/100|https://data.omgeving.vlaanderen.be/id/concept/fysico-chemisch/101|https://data.omgeving.vlaanderen.be/id/concept/fysico-chemisch/102|https://data.omgeving.vlaanderen.be/id/concept/fysico-chemisch/103|https://data.omgeving.vlaanderen.be/id/concept/fysico-chemisch/104|https://data.omgeving.vlaanderen.be/id/concept/fysico-chemisch/105|https://data.omgeving.vlaanderen.be/id/concept/fysico-chemisch/106|https://data.omgeving.vlaanderen.be/id/concept/fysico-chemisch/107|https://data.omgeving.vlaanderen.be/id/concept/fysico-chemisch/108|https://data.omgeving.vlaanderen.be/id/concept/fysico-chemisch/109|https://data.omgeving.vlaanderen.be/id/concept/fysico-chemisch/10|https://data.omgeving.vlaanderen.be/id/concept/fysico-chemisch/110|https://data.omgeving.vlaanderen.be/id/concept/fysico-chemisch/111|https://data.omgeving.vlaanderen.be/id/concept/fysico-chemisch/112|https://data.omgeving.vlaanderen.be/id/concept/fysico-chemisch/113|https://data.omgeving.vlaanderen.be/id/concept/fysico-chemisch/114|https://data.omgeving.vlaanderen.be/id/concept/fysico-chemisch/115|https://data.omgeving.vlaanderen.be/id/concept/fysico-chemisch/11|https://data.omgeving.vlaanderen.be/id/concept/fysico-chemisch/12|https://data.omgeving.vlaanderen.be/id/concept/fysico-chemisch/13|https://data.omgeving.vlaanderen.be/id/concept/fysico-chemisch/14|https://data.omgeving.vlaanderen.be/id/concept/fysico-chemisch/15|https://data.omgeving.vlaanderen.be/id/concept/fysico-chemisch/16|https://data.omgeving.vlaanderen.be/id/concept/fysico-chemisch/17|https://data.omgeving.vlaanderen.be/id/concept/fysico-chemisch/18|https://data.omgeving.vlaanderen.be/id/concept/fysico-chemisch/19|https://data.omgeving.vlaanderen.be/id/concept/fysico-chemisch/1|https://data.omgeving.vlaanderen.be/id/concept/fysico-chemisch/20|https://data.omgeving.vlaanderen.be/id/concept/fysico-chemisch/21|https://data.omgeving.vlaanderen.be/id/concept/fysico-chemisch/22|https://data.omgeving.vlaanderen.be/id/concept/fysico-chemisch/23|https://data.omgeving.vlaanderen.be/id/concept/fysico-chemisch/24|https://data.omgeving.vlaanderen.be/id/concept/fysico-chemisch/25|https://data.omgeving.vlaanderen.be/id/concept/fysico-chemisch/26|https://data.omgeving.vlaanderen.be/id/concept/fysico-chemisch/27|https://data.omgeving.vlaanderen.be/id/concept/fysico-chemisch/28|https://data.omgeving.vlaanderen.be/id/concept/fysico-chemisch/29|https://data.omgeving.vlaanderen.be/id/concept/fysico-chemisch/30|https://data.omgeving.vlaanderen.be/id/concept/fysico-chemisch/31|https://data.omgeving.vlaanderen.be/id/concept/fysico-chemisch/32|https://data.omgeving.vlaanderen.be/id/concept/fysico-chemisch/33|https://data.omgeving.vlaanderen.be/id/concept/fysico-chemisch/36|https://data.omgeving.vlaanderen.be/id/concept/fysico-chemisch/37|https://data.omgeving.vlaanderen.be/id/concept/fysico-chemisch/38|https://data.omgeving.vlaanderen.be/id/concept/fysico-chemisch/39|https://data.omgeving.vlaanderen.be/id/concept/fysico-chemisch/3|https://data.omgeving.vlaanderen.be/id/concept/fysico-chemisch/40|https://data.omgeving.vlaanderen.be/id/concept/fysico-chemisch/41|https://data.omgeving.vlaanderen.be/id/concept/fysico-chemisch/42|https://data.omgeving.vlaanderen.be/id/concept/fysico-chemisch/43|https://data.omgeving.vlaanderen.be/id/concept/fysico-chemisch/44|https://data.omgeving.vlaanderen.be/id/concept/fysico-chemisch/45|https://data.omgeving.vlaanderen.be/id/concept/fysico-chemisch/46|https://data.omgeving.vlaanderen.be/id/concept/fysico-chemisch/47|https://data.omgeving.vlaanderen.be/id/concept/fysico-chemisch/48|https://data.omgeving.vlaanderen.be/id/concept/fysico-chemisch/49|https://data.omgeving.vlaanderen.be/id/concept/fysico-chemisch/4|https://data.omgeving.vlaanderen.be/id/concept/fysico-chemisch/50|https://data.omgeving.vlaanderen.be/id/concept/fysico-chemisch/51|https://data.omgeving.vlaanderen.be/id/concept/fysico-chemisch/52|https://data.omgeving.vlaanderen.be/id/concept/fysico-chemisch/53|https://data.omgeving.vlaanderen.be/id/concept/fysico-chemisch/54|https://data.omgeving.vlaanderen.be/id/concept/fysico-chemisch/55|https://data.omgeving.vlaanderen.be/id/concept/fysico-chemisch/56|https://data.omgeving.vlaanderen.be/id/concept/fysico-chemisch/57|https://data.omgeving.vlaanderen.be/id/concept/fysico-chemisch/58|https://data.omgeving.vlaanderen.be/id/concept/fysico-chemisch/59|https://data.omgeving.vlaanderen.be/id/concept/fysico-chemisch/5|https://data.omgeving.vlaanderen.be/id/concept/fysico-chemisch/60|https://data.omgeving.vlaanderen.be/id/concept/fysico-chemisch/61|https://data.omgeving.vlaanderen.be/id/concept/fysico-chemisch/62|https://data.omgeving.vlaanderen.be/id/concept/fysico-chemisch/63|https://data.omgeving.vlaanderen.be/id/concept/fysico-chemisch/64|https://data.omgeving.vlaanderen.be/id/concept/fysico-chemisch/65|https://data.omgeving.vlaanderen.be/id/concept/fysico-chemisch/66|https://data.omgeving.vlaanderen.be/id/concept/fysico-chemisch/67|https://data.omgeving.vlaanderen.be/id/concept/fysico-chemisch/68|https://data.omgeving.vlaanderen.be/id/concept/fysico-chemisch/69|https://data.omgeving.vlaanderen.be/id/concept/fysico-chemisch/6|https://data.omgeving.vlaanderen.be/id/concept/fysico-chemisch/70|https://data.omgeving.vlaanderen.be/id/concept/fysico-chemisch/71|https://data.omgeving.vlaanderen.be/id/concept/fysico-chemisch/72|https://data.omgeving.vlaanderen.be/id/concept/fysico-chemisch/73|https://data.omgeving.vlaanderen.be/id/concept/fysico-chemisch/74|https://data.omgeving.vlaanderen.be/id/concept/fysico-chemisch/75|https://data.omgeving.vlaanderen.be/id/concept/fysico-chemisch/76|https://data.omgeving.vlaanderen.be/id/concept/fysico-chemisch/77|https://data.omgeving.vlaanderen.be/id/concept/fysico-chemisch/78|https://data.omgeving.vlaanderen.be/id/concept/fysico-chemisch/79|https://data.omgeving.vlaanderen.be/id/concept/fysico-chemisch/7|https://data.omgeving.vlaanderen.be/id/concept/fysico-chemisch/80|https://data.omgeving.vlaanderen.be/id/concept/fysico-chemisch/81|https://data.omgeving.vlaanderen.be/id/concept/fysico-chemisch/82|https://data.omgeving.vlaanderen.be/id/concept/fysico-chemisch/84|https://data.omgeving.vlaanderen.be/id/concept/fysico-chemisch/85|https://data.omgeving.vlaanderen.be/id/concept/fysico-chemisch/86|https://data.omgeving.vlaanderen.be/id/concept/fysico-chemisch/87|https://data.omgeving.vlaanderen.be/id/concept/fysico-chemisch/88|https://data.omgeving.vlaanderen.be/id/concept/fysico-chemisch/89|https://data.omgeving.vlaanderen.be/id/concept/fysico-chemisch/8|https://data.omgeving.vlaanderen.be/id/concept/fysico-chemisch/90|https://data.omgeving.vlaanderen.be/id/concept/fysico-chemisch/91|https://data.omgeving.vlaanderen.be/id/concept/fysico-chemisch/92|https://data.omgeving.vlaanderen.be/id/concept/fysico-chemisch/93|https://data.omgeving.vlaanderen.be/id/concept/fysico-chemisch/94|https://data.omgeving.vlaanderen.be/id/concept/fysico-chemisch/95|https://data.omgeving.vlaanderen.be/id/concept/fysico-chemisch/96|https://data.omgeving.vlaanderen.be/id/concept/fysico-chemisch/97|https://data.omgeving.vlaanderen.be/id/concept/fysico-chemisch/98|https://data.omgeving.vlaanderen.be/id/concept/fysico-chemisch/99|https://data.omgeving.vlaanderen.be/id/concept/fysico-chemisch/9,Collectie van fysico-chemische eigenschappen die betrekking hebben op water.,null,null,null,null,null,null,null,null,null,null,null
https://data.omgeving.vlaanderen.be/id/concept/fysico-chemisch/1,http://www.w3.org/2004/02/skos/core#Concept,https://data.omgeving.vlaanderen.be/id/conceptscheme/fysico-chemische-eigenschap,null,Gemiddeld,Gemiddeld,https://data.omgeving.vlaanderen.be/id/conceptscheme/fysico-chemische-eigenschap,http://www.eionet.europa.eu/gemet/concept/1322|http://www.eionet.europa.eu/gemet/concept/6229,null,null,null,null,null,null,null,null
https://data.omgeving.vlaanderen.be/id/concept/fysico-chemisch/10,http://www.w3.org/2004/02/skos/core#Concept,https://data.omgeving.vlaanderen.be/id/conceptscheme/fysico-chemische-eigenschap,null,Geleidbaarheid ter plaatse,EC,null,http://www.eionet.europa.eu/gemet/concept/6229|http://www.eionet.europa.eu/gemet/concept/1686,https://data.omgeving.vlaanderen.be/id/concept/fysico-chemisch/322,https://data.omgeving.vlaanderen.be/id/concept/fysico-chemisch/322,https://data.omgeving.vlaanderen.be/id/concept/fysico-chemisch/322,null,null,null,null,null
https://data.omgeving.vlaanderen.be/id/concept/fysico-chemisch/100,http://www.w3.org/2004/02/skos/core#Concept,https://data.omgeving.vlaanderen.be/id/conceptscheme/fysico-chemische-eigenschap,null,Deeltjesaantal 70-100 nm,NC70-100,https://data.omgeving.vlaanderen.be/id/conceptscheme/fysico-chemische-eigenschap,http://www.eionet.europa.eu/gemet/concept/1322|http://www.eionet.europa.eu/gemet/concept/6229,null,null,null,null,null,null,null,null
https://data.omgeving.vlaanderen.be/id/concept/fysico-chemisch/101,http://www.w3.org/2004/02/skos/core#Concept,https://data.omgeving.vlaanderen.be/id/conceptscheme/fysico-chemische-eigenschap,null,Deeltjesaantal 100-200 nm,NC100-200,https://data.omgeving.vlaanderen.be/id/conceptscheme/fysico-chemische-eigenschap,http://www.eionet.europa.eu/gemet/concept/1322|http://www.eionet.europa.eu/gemet/concept/6229,null,null,null,null,null,null,null,null
https://data.omgeving.vlaanderen.be/id/concept/fysico-chemisch/102,http://www.w3.org/2004/02/skos/core#Concept,https://data.omgeving.vlaanderen.be/id/conceptscheme/fysico-chemische-eigenschap,null,Deeltjesaantal 200-500 nm,NC200-500,https://data.omgeving.vlaanderen.be/id/conceptscheme/fysico-chemische-eigenschap,http://www.eionet.europa.eu/gemet/concept/1322|http://www.eionet.europa.eu/gemet/concept/6229,null,null,null,null,null,null,null,null
https://data.omgeving.vlaanderen.be/id/concept/fysico-chemisch/103,http://www.w3.org/2004/02/skos/core#Concept,https://data.omgeving.vlaanderen.be/id/conceptscheme/fysico-chemische-eigenschap,null,Deeltjesaantal 200-1000 nm,NC200-1000,https://data.omgeving.vlaanderen.be/id/conceptscheme/fysico-chemische-eigenschap,http://www.eionet.europa.eu/gemet/concept/1322|http://www.eionet.europa.eu/gemet/concept/6229,null,null,null,null,null,null,null,null
https://data.omgeving.vlaanderen.be/id/concept/fysico-chemisch/104,http://www.w3.org/2004/02/skos/core#Concept,https://data.omgeving.vlaanderen.be/id/conceptscheme/fysico-chemische-eigenschap,null,"Geleidbaarheid (20°C), MUC project",MUC-EC 20,null,http://www.eionet.europa.eu/gemet/concept/6229|http://www.eionet.europa.eu/gemet/concept/1686,https://data.omgeving.vlaanderen.be/id/concept/fysico-chemisch/322,https://data.omgeving.vlaanderen.be/id/concept/fysico-chemisch/322,https://data.omgeving.vlaanderen.be/id/concept/fysico-chemisch/322,null,null,null,null,null
https://data.omgeving.vlaanderen.be/id/concept/fysico-chemisch/105,http://www.w3.org/2004/02/skos/core#Concept,https://data.omgeving.vlaanderen.be/id/conceptscheme/fysico-chemische-eigenschap,null,"Geleidbaarheid (20°C), MUC project",MUCd-EC 20,null,http://www.eionet.europa.eu/gemet/concept/6229|http://www.eionet.europa.eu/gemet/concept/1686,https://data.omgeving.vlaanderen.be/id/concept/fysico-chemisch/322,https://data.omgeving.vlaanderen.be/id/concept/fysico-chemisch/322,https://data.omgeving.vlaanderen.be/id/concept/fysico-chemisch/322,null,null,null,null,null
https://data.omgeving.vlaanderen.be/id/concept/fysico-chemisch/106,http://www.w3.org/2004/02/skos/core#Concept,https://data.omgeving.vlaanderen.be/id/conceptscheme/fysico-chemische-eigenschap,null,Korrelgrootte distributie <125µm,Gran<125,null,http://www.eionet.europa.eu/gemet/concept/1322|http://www.eionet.europa.eu/gemet/concept/6229,https://data.omgeving.vlaanderen.be/id/concept/fysico-chemisch/331,https://data.omgeving.vlaanderen.be/id/concept/fysico-chemisch/331,https://data.omgeving.vlaanderen.be/id/concept/fysico-chemisch/331,null,null,null,null,null
https://data.omgeving.vlaanderen.be/id/concept/fysico-chemisch/107,http://www.w3.org/2004/02/skos/core#Concept,https://data.omgeving.vlaanderen.be/id/conceptscheme/fysico-chemische-eigenschap,null,Korrelgrootte distributie <250µm,Gran<250,null,http://www.eionet.europa.eu/gemet/concept/1322|http://www.eionet.europa.eu/gemet/concept/6229,https://data.omgeving.vlaanderen.be/id/concept/fysico-chemisch/331,https://data.omgeving.vlaanderen.be/id/concept/fysico-chemisch/331,https://data.omgeving.vlaanderen.be/id/concept/fysico-chemisch/331,null,null,null,null,null
https://data.omgeving.vlaanderen.be/id/concept/fysico-chemisch/108,http://www.w3.org/2004/02/skos/core#Concept,https://data.omgeving.vlaanderen.be/id/conceptscheme/fysico-chemische-eigenschap,null,Korrelgrootte distributie <500µm,Gran<500,null,http://www.eionet.europa.eu/gemet/concept/1322|http://www.eionet.europa.eu/gemet/concept/6229,https://data.omgeving.vlaanderen.be/id/concept/fysico-chemisch/331,https://data.omgeving.vlaanderen.be/id/concept/fysico-chemisch/331,https://data.omgeving.vlaanderen.be/id/concept/fysico-chemisch/331,null,null,null,null,null
https://data.omgeving.vlaanderen.be/id/concept/fysico-chemisch/109,http://www.w3.org/2004/02/skos/core#Concept,https://data.omgeving.vlaanderen.be/id/conceptscheme/fysico-chemische-eigenschap,null,Korrelgrootte distributie <1000µm,Gran<1000,null,http://www.eionet.europa.eu/gemet/concept/1322|http://www.eionet.europa.eu/gemet/concept/6229,https://data.omgeving.vlaanderen.be/id/concept/fysico-chemisch/331,https://data.omgeving.vlaanderen.be/id/concept/fysico-chemisch/331,https://data.omgeving.vlaanderen.be/id/concept/fysico-chemisch/331,null,null,null,null,null
https://data.omgeving.vlaanderen.be/id/concept/fysico-chemisch/11,http://www.w3.org/2004/02/skos/core#Concept,https://data.omgeving.vlaanderen.be/id/conceptscheme/fysico-chemische-eigenschap,null,Gloeirest,GR,https://data.omgeving.vlaanderen.be/id/conceptscheme/fysico-chemische-eigenschap,http://www.eionet.europa.eu/gemet/concept/1322|http://www.eionet.europa.eu/gemet/concept/6229,null,null,null,null,null,null,null,null
https://data.omgeving.vlaanderen.be/id/concept/fysico-chemisch/110,http://www.w3.org/2004/02/skos/core#Concept,https://data.omgeving.vlaanderen.be/id/conceptscheme/fysico-chemische-eigenschap,null,Korrelgrootte distributie <2000µm,Gran<2000,null,http://www.eionet.europa.eu/gemet/concept/1322|http://www.eionet.europa.eu/gemet/concept/6229,https://data.omgeving.vlaanderen.be/id/concept/fysico-chemisch/331,https://data.omgeving.vlaanderen.be/id/concept/fysico-chemisch/331,https://data.omgeving.vlaanderen.be/id/concept/fysico-chemisch/331,null,null,null,null,null
https://data.omgeving.vlaanderen.be/id/concept/fysico-chemisch/111,http://www.w3.org/2004/02/skos/core#Concept,https://data.omgeving.vlaanderen.be/id/conceptscheme/fysico-chemische-eigenschap,null,pH na Zahn Wellens,pH na ZW,null,http://www.eionet.europa.eu/gemet/concept/1322|http://www.eionet.europa.eu/gemet/concept/6229,https://data.omgeving.vlaanderen.be/id/concept/fysico-chemisch/76,https://data.omgeving.vlaanderen.be/id/concept/fysico-chemisch/76,https://data.omgeving.vlaanderen.be/id/concept/fysico-chemisch/76,null,null,null,null,null
https://data.omgeving.vlaanderen.be/id/concept/fysico-chemisch/112,http://www.w3.org/2004/02/skos/core#Concept,https://data.omgeving.vlaanderen.be/id/conceptscheme/fysico-chemische-eigenschap,null,Geleidbaarheid (25°C) na Zahn Wellens,EC 25 na ZW,null,http://www.eionet.europa.eu/gemet/concept/6229|http://www.eionet.europa.eu/gemet/concept/1686,https://data.omgeving.vlaanderen.be/id/concept/fysico-chemisch/322,https://data.omgeving.vlaanderen.be/id/concept/fysico-chemisch/322,https://data.omgeving.vlaanderen.be/id/concept/fysico-chemisch/322,null,null,null,null,null
https://data.omgeving.vlaanderen.be/id/concept/fysico-chemisch/113,http://www.w3.org/2004/02/skos/core#Concept,https://data.omgeving.vlaanderen.be/id/conceptscheme/fysico-chemische-eigenschap,null,"Hardheid, totaal na Zahn Wellens",H t na ZW,null,http://www.eionet.europa.eu/gemet/concept/1322|http://www.eionet.europa.eu/gemet/concept/6229,https://data.omgeving.vlaanderen.be/id/concept/fysico-chemisch/15,https://data.omgeving.vlaanderen.be/id/concept/fysico-chemisch/15,https://data.omgeving.vlaanderen.be/id/concept/fysico-chemisch/15,null,null,null,null,null
https://data.omgeving.vlaanderen.be/id/concept/fysico-chemisch/114,http://www.w3.org/2004/02/skos/core#Concept,https://data.omgeving.vlaanderen.be/id/conceptscheme/fysico-chemische-eigenschap,null,Korrelgrootte distributie <20µm,Gran<20,null,http://www.eionet.europa.eu/gemet/concept/1322|http://www.eionet.europa.eu/gemet/concept/6229,https://data.omgeving.vlaanderen.be/id/concept/fysico-chemisch/331,https://data.omgeving.vlaanderen.be/id/concept/fysico-chemisch/331,https://data.omgeving.vlaanderen.be/id/concept/fysico-chemisch/331,null,null,null,null,null
https://data.omgeving.vlaanderen.be/id/concept/fysico-chemisch/115,http://www.w3.org/2004/02/skos/core#Concept,https://data.omgeving.vlaanderen.be/id/conceptscheme/fysico-chemische-eigenschap,null,Rendement ZS ten opzichte van influentbelasting,ZS rendement,https://data.omgeving.vlaanderen.be/id/conceptscheme/fysico-chemische-eigenschap,http://www.eionet.europa.eu/gemet/concept/1322|http://www.eionet.europa.eu/gemet/concept/6229,null,null,null,null,null,null,null,null
https://data.omgeving.vlaanderen.be/id/concept/fysico-chemisch/117,http://www.w3.org/2004/02/skos/core#Concept,https://data.omgeving.vlaanderen.be/id/conceptscheme/fysico-chemische-eigenschap,null,Pid,null,https://data.omgeving.vlaanderen.be/id/conceptscheme/fysico-chemische-eigenschap,http://www.eionet.europa.eu/gemet/concept/1322|http://www.eionet.europa.eu/gemet/concept/6229,null,null,null,null,null,null,null,null
https://data.omgeving.vlaanderen.be/id/concept/fysico-chemisch/118,http://www.w3.org/2004/02/skos/core#Concept,https://data.omgeving.vlaanderen.be/id/conceptscheme/fysico-chemische-eigenschap,null,Vochtgehalte,null,https://data.omgeving.vlaanderen.be/id/conceptscheme/fysico-chemische-eigenschap,http://www.eionet.europa.eu/gemet/concept/1322|http://www.eionet.europa.eu/gemet/concept/6229,null,null,null,null,null,null,null,null
https://data.omgeving.vlaanderen.be/id/concept/fysico-chemisch/119,http://www.w3.org/2004/02/skos/core#Concept,https://data.omgeving.vlaanderen.be/id/conceptscheme/fysico-chemische-eigenschap,null,Hydrologisch type,null,https://data.omgeving.vlaanderen.be/id/conceptscheme/fysico-chemische-eigenschap,http://www.eionet.europa.eu/gemet/concept/1322|http://www.eionet.europa.eu/gemet/concept/6229,null,null,null,null,null,null,null,null
https://data.omgeving.vlaanderen.be/id/concept/fysico-chemisch/12,http://www.w3.org/2004/02/skos/core#Concept,https://data.omgeving.vlaanderen.be/id/conceptscheme/fysico-chemische-eigenschap,null,Gloeiverlies,GV,https://data.omgeving.vlaanderen.be/id/conceptscheme/fysico-chemische-eigenschap,http://www.eionet.europa.eu/gemet/concept/1322|http://www.eionet.europa.eu/gemet/concept/6229,null,null,null,null,null,null,null,null
https://data.omgeving.vlaanderen.be/id/concept/fysico-chemisch/120,http://www.w3.org/2004/02/skos/core#Concept,https://data.omgeving.vlaanderen.be/id/conceptscheme/fysico-chemische-eigenschap,null,Regime hydrostratigrafie,null,https://data.omgeving.vlaanderen.be/id/conceptscheme/fysico-chemische-eigenschap,http://www.eionet.europa.eu/gemet/concept/1322|http://www.eionet.europa.eu/gemet/concept/6229,null,null,null,null,null,null,null,null
https://data.omgeving.vlaanderen.be/id/concept/fysico-chemisch/121,http://www.w3.org/2004/02/skos/core#Concept,https://data.omgeving.vlaanderen.be/id/conceptscheme/fysico-chemische-eigenschap,null,Vertikale doorlatendheid,null,https://data.omgeving.vlaanderen.be/id/conceptscheme/fysico-chemische-eigenschap,http://www.eionet.europa.eu/gemet/concept/1322|http://www.eionet.europa.eu/gemet/concept/6229,null,null,null,null,null,null,null,null
https://data.omgeving.vlaanderen.be/id/concept/fysico-chemisch/122,http://www.w3.org/2004/02/skos/core#Concept,https://data.omgeving.vlaanderen.be/id/conceptscheme/fysico-chemische-eigenschap,null,Horizontale doorlatendheid,null,https://data.omgeving.vlaanderen.be/id/conceptscheme/fysico-chemische-eigenschap,http://www.eionet.europa.eu/gemet/concept/1322|http://www.eionet.europa.eu/gemet/concept/6229,null,null,null,null,null,null,null,null
https://data.omgeving.vlaanderen.be/id/concept/fysico-chemisch/123,http://www.w3.org/2004/02/skos/core#Concept,https://data.omgeving.vlaanderen.be/id/conceptscheme/fysico-chemische-eigenschap,null,Geur - Solventen,null,null,http://www.eionet.europa.eu/gemet/concept/1322|http://www.eionet.europa.eu/gemet/concept/6229,https://data.omgeving.vlaanderen.be/id/concept/fysico-chemisch/27,https://data.omgeving.vlaanderen.be/id/concept/fysico-chemisch/27,https://data.omgeving.vlaanderen.be/id/concept/fysico-chemisch/27,null,null,null,null,null
https://data.omgeving.vlaanderen.be/id/concept/fysico-chemisch/124,http://www.w3.org/2004/02/skos/core#Concept,https://data.omgeving.vlaanderen.be/id/conceptscheme/fysico-chemische-eigenschap,null,Geur - Minerale Olie,null,null,http://www.eionet.europa.eu/gemet/concept/1322|http://www.eionet.europa.eu/gemet/concept/6229,https://data.omgeving.vlaanderen.be/id/concept/fysico-chemisch/27,https://data.omgeving.vlaanderen.be/id/concept/fysico-chemisch/27,https://data.omgeving.vlaanderen.be/id/concept/fysico-chemisch/27,null,null,null,null,null
https://data.omgeving.vlaanderen.be/id/concept/fysico-chemisch/125,http://www.w3.org/2004/02/skos/core#Concept,https://data.omgeving.vlaanderen.be/id/conceptscheme/fysico-chemische-eigenschap,null,Geur - Ondefinieerbaar,null,null,http://www.eionet.europa.eu/gemet/concept/1322|http://www.eionet.europa.eu/gemet/concept/6229,https://data.omgeving.vlaanderen.be/id/concept/fysico-chemisch/27,https://data.omgeving.vlaanderen.be/id/concept/fysico-chemisch/27,https://data.omgeving.vlaanderen.be/id/concept/fysico-chemisch/27,null,null,null,null,null
https://data.omgeving.vlaanderen.be/id/concept/fysico-chemisch/126,http://www.w3.org/2004/02/skos/core#Concept,https://data.omgeving.vlaanderen.be/id/conceptscheme/fysico-chemische-eigenschap,null,Geur - Amoniak,null,null,http://www.eionet.europa.eu/gemet/concept/1322|http://www.eionet.europa.eu/gemet/concept/6229,https://data.omgeving.vlaanderen.be/id/concept/fysico-chemisch/27,https://data.omgeving.vlaanderen.be/id/concept/fysico-chemisch/27,https://data.omgeving.vlaanderen.be/id/concept/fysico-chemisch/27,null,null,null,null,null
https://data.omgeving.vlaanderen.be/id/concept/fysico-chemisch/127,http://www.w3.org/2004/02/skos/core#Concept,https://data.omgeving.vlaanderen.be/id/conceptscheme/fysico-chemische-eigenschap,null,Geur - Brandstofachtige,null,null,http://www.eionet.europa.eu/gemet/concept/1322|http://www.eionet.europa.eu/gemet/concept/6229,https://data.omgeving.vlaanderen.be/id/concept/fysico-chemisch/27,https://data.omgeving.vlaanderen.be/id/concept/fysico-chemisch/27,https://data.omgeving.vlaanderen.be/id/concept/fysico-chemisch/27,null,null,null,null,null
https://data.omgeving.vlaanderen.be/id/concept/fysico-chemisch/128,http://www.w3.org/2004/02/skos/core#Concept,https://data.omgeving.vlaanderen.be/id/conceptscheme/fysico-chemische-eigenschap,null,Geur - Benzine,null,null,http://www.eionet.europa.eu/gemet/concept/1322|http://www.eionet.europa.eu/gemet/concept/6229,https://data.omgeving.vlaanderen.be/id/concept/fysico-chemisch/27,https://data.omgeving.vlaanderen.be/id/concept/fysico-chemisch/27,https://data.omgeving.vlaanderen.be/id/concept/fysico-chemisch/27,null,null,null,null,null
https://data.omgeving.vlaanderen.be/id/concept/fysico-chemisch/129,http://www.w3.org/2004/02/skos/core#Concept,https://data.omgeving.vlaanderen.be/id/conceptscheme/fysico-chemische-eigenschap,null,Geur - Carbolineum,null,null,http://www.eionet.europa.eu/gemet/concept/1322|http://www.eionet.europa.eu/gemet/concept/6229,https://data.omgeving.vlaanderen.be/id/concept/fysico-chemisch/27,https://data.omgeving.vlaanderen.be/id/concept/fysico-chemisch/27,https://data.omgeving.vlaanderen.be/id/concept/fysico-chemisch/27,null,null,null,null,null
https://data.omgeving.vlaanderen.be/id/concept/fysico-chemisch/13,http://www.w3.org/2004/02/skos/core#Concept,https://data.omgeving.vlaanderen.be/id/conceptscheme/fysico-chemische-eigenschap,null,"Hardheid, permanent",H per.,null,http://www.eionet.europa.eu/gemet/concept/1322|http://www.eionet.europa.eu/gemet/concept/6229,https://data.omgeving.vlaanderen.be/id/concept/fysico-chemisch/15,https://data.omgeving.vlaanderen.be/id/concept/fysico-chemisch/15,https://data.omgeving.vlaanderen.be/id/concept/fysico-chemisch/15,null,null,null,null,null
https://data.omgeving.vlaanderen.be/id/concept/fysico-chemisch/130,http://www.w3.org/2004/02/skos/core#Concept,https://data.omgeving.vlaanderen.be/id/conceptscheme/fysico-chemische-eigenschap,null,Geur - Chemisch,null,null,http://www.eionet.europa.eu/gemet/concept/1322|http://www.eionet.europa.eu/gemet/concept/6229,https://data.omgeving.vlaanderen.be/id/concept/fysico-chemisch/27,https://data.omgeving.vlaanderen.be/id/concept/fysico-chemisch/27,https://data.omgeving.vlaanderen.be/id/concept/fysico-chemisch/27,null,null,null,null,null
https://data.omgeving.vlaanderen.be/id/concept/fysico-chemisch/131,http://www.w3.org/2004/02/skos/core#Concept,https://data.omgeving.vlaanderen.be/id/conceptscheme/fysico-chemische-eigenschap,null,Geur - Chloor,null,null,http://www.eionet.europa.eu/gemet/concept/1322|http://www.eionet.europa.eu/gemet/concept/6229,https://data.omgeving.vlaanderen.be/id/concept/fysico-chemisch/27,https://data.omgeving.vlaanderen.be/id/concept/fysico-chemisch/27,https://data.omgeving.vlaanderen.be/id/concept/fysico-chemisch/27,null,null,null,null,null
https://data.omgeving.vlaanderen.be/id/concept/fysico-chemisch/132,http://www.w3.org/2004/02/skos/core#Concept,https://data.omgeving.vlaanderen.be/id/conceptscheme/fysico-chemische-eigenschap,null,Geur - Condensaat,null,null,http://www.eionet.europa.eu/gemet/concept/1322|http://www.eionet.europa.eu/gemet/concept/6229,https://data.omgeving.vlaanderen.be/id/concept/fysico-chemisch/27,https://data.omgeving.vlaanderen.be/id/concept/fysico-chemisch/27,https://data.omgeving.vlaanderen.be/id/concept/fysico-chemisch/27,null,null,null,null,null
https://data.omgeving.vlaanderen.be/id/concept/fysico-chemisch/133,http://www.w3.org/2004/02/skos/core#Concept,https://data.omgeving.vlaanderen.be/id/conceptscheme/fysico-chemische-eigenschap,null,Geur - Diesel,null,null,http://www.eionet.europa.eu/gemet/concept/1322|http://www.eionet.europa.eu/gemet/concept/6229,https://data.omgeving.vlaanderen.be/id/concept/fysico-chemisch/27,https://data.omgeving.vlaanderen.be/id/concept/fysico-chemisch/27,https://data.omgeving.vlaanderen.be/id/concept/fysico-chemisch/27,null,null,null,null,null
https://data.omgeving.vlaanderen.be/id/concept/fysico-chemisch/134,http://www.w3.org/2004/02/skos/core#Concept,https://data.omgeving.vlaanderen.be/id/conceptscheme/fysico-chemische-eigenschap,null,Geur - Glycol,null,null,http://www.eionet.europa.eu/gemet/concept/1322|http://www.eionet.europa.eu/gemet/concept/6229,https://data.omgeving.vlaanderen.be/id/concept/fysico-chemisch/27,https://data.omgeving.vlaanderen.be/id/concept/fysico-chemisch/27,https://data.omgeving.vlaanderen.be/id/concept/fysico-chemisch/27,null,null,null,null,null
https://data.omgeving.vlaanderen.be/id/concept/fysico-chemisch/135,http://www.w3.org/2004/02/skos/core#Concept,https://data.omgeving.vlaanderen.be/id/conceptscheme/fysico-chemische-eigenschap,null,Geur - Olie aromaten,null,null,http://www.eionet.europa.eu/gemet/concept/1322|http://www.eionet.europa.eu/gemet/concept/6229,https://data.omgeving.vlaanderen.be/id/concept/fysico-chemisch/27,https://data.omgeving.vlaanderen.be/id/concept/fysico-chemisch/27,https://data.omgeving.vlaanderen.be/id/concept/fysico-chemisch/27,null,null,null,null,null
https://data.omgeving.vlaanderen.be/id/concept/fysico-chemisch/136,http://www.w3.org/2004/02/skos/core#Concept,https://data.omgeving.vlaanderen.be/id/conceptscheme/fysico-chemische-eigenschap,null,Geur - Olie,null,null,http://www.eionet.europa.eu/gemet/concept/1322|http://www.eionet.europa.eu/gemet/concept/6229,https://data.omgeving.vlaanderen.be/id/concept/fysico-chemisch/27,https://data.omgeving.vlaanderen.be/id/concept/fysico-chemisch/27,https://data.omgeving.vlaanderen.be/id/concept/fysico-chemisch/27,null,null,null,null,null
https://data.omgeving.vlaanderen.be/id/concept/fysico-chemisch/137,http://www.w3.org/2004/02/skos/core#Concept,https://data.omgeving.vlaanderen.be/id/conceptscheme/fysico-chemische-eigenschap,null,Geur - Petroleum,null,null,http://www.eionet.europa.eu/gemet/concept/1322|http://www.eionet.europa.eu/gemet/concept/6229,https://data.omgeving.vlaanderen.be/id/concept/fysico-chemisch/27,https://data.omgeving.vlaanderen.be/id/concept/fysico-chemisch/27,https://data.omgeving.vlaanderen.be/id/concept/fysico-chemisch/27,null,null,null,null,null
https://data.omgeving.vlaanderen.be/id/concept/fysico-chemisch/138,http://www.w3.org/2004/02/skos/core#Concept,https://data.omgeving.vlaanderen.be/id/conceptscheme/fysico-chemische-eigenschap,null,Geur - Rotting,null,null,http://www.eionet.europa.eu/gemet/concept/1322|http://www.eionet.europa.eu/gemet/concept/6229,https://data.omgeving.vlaanderen.be/id/concept/fysico-chemisch/27,https://data.omgeving.vlaanderen.be/id/concept/fysico-chemisch/27,https://data.omgeving.vlaanderen.be/id/concept/fysico-chemisch/27,null,null,null,null,null
https://data.omgeving.vlaanderen.be/id/concept/fysico-chemisch/139,http://www.w3.org/2004/02/skos/core#Concept,https://data.omgeving.vlaanderen.be/id/conceptscheme/fysico-chemische-eigenschap,null,Geur - Scherpe geur,null,null,http://www.eionet.europa.eu/gemet/concept/1322|http://www.eionet.europa.eu/gemet/concept/6229,https://data.omgeving.vlaanderen.be/id/concept/fysico-chemisch/27,https://data.omgeving.vlaanderen.be/id/concept/fysico-chemisch/27,https://data.omgeving.vlaanderen.be/id/concept/fysico-chemisch/27,null,null,null,null,null
https://data.omgeving.vlaanderen.be/id/concept/fysico-chemisch/14,http://www.w3.org/2004/02/skos/core#Concept,https://data.omgeving.vlaanderen.be/id/conceptscheme/fysico-chemische-eigenschap,null,"Hardheid, tijdelijk",H tijd.,null,http://www.eionet.europa.eu/gemet/concept/1322|http://www.eionet.europa.eu/gemet/concept/6229,https://data.omgeving.vlaanderen.be/id/concept/fysico-chemisch/15,https://data.omgeving.vlaanderen.be/id/concept/fysico-chemisch/15,https://data.omgeving.vlaanderen.be/id/concept/fysico-chemisch/15,null,null,null,null,null
https://data.omgeving.vlaanderen.be/id/concept/fysico-chemisch/140,http://www.w3.org/2004/02/skos/core#Concept,https://data.omgeving.vlaanderen.be/id/conceptscheme/fysico-chemische-eigenschap,null,Geur - Teer,null,null,http://www.eionet.europa.eu/gemet/concept/1322|http://www.eionet.europa.eu/gemet/concept/6229,https://data.omgeving.vlaanderen.be/id/concept/fysico-chemisch/27,https://data.omgeving.vlaanderen.be/id/concept/fysico-chemisch/27,https://data.omgeving.vlaanderen.be/id/concept/fysico-chemisch/27,null,null,null,null,null
https://data.omgeving.vlaanderen.be/id/concept/fysico-chemisch/141,http://www.w3.org/2004/02/skos/core#Concept,https://data.omgeving.vlaanderen.be/id/conceptscheme/fysico-chemische-eigenschap,null,Geur - Terpentine,null,null,http://www.eionet.europa.eu/gemet/concept/1322|http://www.eionet.europa.eu/gemet/concept/6229,https://data.omgeving.vlaanderen.be/id/concept/fysico-chemisch/27,https://data.omgeving.vlaanderen.be/id/concept/fysico-chemisch/27,https://data.omgeving.vlaanderen.be/id/concept/fysico-chemisch/27,null,null,null,null,null
https://data.omgeving.vlaanderen.be/id/concept/fysico-chemisch/142,http://www.w3.org/2004/02/skos/core#Concept,https://data.omgeving.vlaanderen.be/id/conceptscheme/fysico-chemische-eigenschap,null,Geur - Verf (terpentine basis),null,null,http://www.eionet.europa.eu/gemet/concept/1322|http://www.eionet.europa.eu/gemet/concept/6229,https://data.omgeving.vlaanderen.be/id/concept/fysico-chemisch/27,https://data.omgeving.vlaanderen.be/id/concept/fysico-chemisch/27,https://data.omgeving.vlaanderen.be/id/concept/fysico-chemisch/27,null,null,null,null,null
https://data.omgeving.vlaanderen.be/id/concept/fysico-chemisch/143,http://www.w3.org/2004/02/skos/core#Concept,https://data.omgeving.vlaanderen.be/id/conceptscheme/fysico-chemische-eigenschap,null,Geur - Zoete geur,null,null,http://www.eionet.europa.eu/gemet/concept/1322|http://www.eionet.europa.eu/gemet/concept/6229,https://data.omgeving.vlaanderen.be/id/concept/fysico-chemisch/27,https://data.omgeving.vlaanderen.be/id/concept/fysico-chemisch/27,https://data.omgeving.vlaanderen.be/id/concept/fysico-chemisch/27,null,null,null,null,null
https://data.omgeving.vlaanderen.be/id/concept/fysico-chemisch/144,http://www.w3.org/2004/02/skos/core#Concept,https://data.omgeving.vlaanderen.be/id/conceptscheme/fysico-chemische-eigenschap,null,Geur - Zure geur,null,null,http://www.eionet.europa.eu/gemet/concept/1322|http://www.eionet.europa.eu/gemet/concept/6229,https://data.omgeving.vlaanderen.be/id/concept/fysico-chemisch/27,https://data.omgeving.vlaanderen.be/id/concept/fysico-chemisch/27,https://data.omgeving.vlaanderen.be/id/concept/fysico-chemisch/27,null,null,null,null,null
https://data.omgeving.vlaanderen.be/id/concept/fysico-chemisch/145,http://www.w3.org/2004/02/skos/core#Concept,https://data.omgeving.vlaanderen.be/id/conceptscheme/fysico-chemische-eigenschap,null,Geur - Slib,null,null,http://www.eionet.europa.eu/gemet/concept/1322|http://www.eionet.europa.eu/gemet/concept/6229,https://data.omgeving.vlaanderen.be/id/concept/fysico-chemisch/27,https://data.omgeving.vlaanderen.be/id/concept/fysico-chemisch/27,https://data.omgeving.vlaanderen.be/id/concept/fysico-chemisch/27,null,null,null,null,null
https://data.omgeving.vlaanderen.be/id/concept/fysico-chemisch/146,http://www.w3.org/2004/02/skos/core#Concept,https://data.omgeving.vlaanderen.be/id/conceptscheme/fysico-chemische-eigenschap,null,Geur - Aromaten,null,null,http://www.eionet.europa.eu/gemet/concept/1322|http://www.eionet.europa.eu/gemet/concept/6229,https://data.omgeving.vlaanderen.be/id/concept/fysico-chemisch/27,https://data.omgeving.vlaanderen.be/id/concept/fysico-chemisch/27,https://data.omgeving.vlaanderen.be/id/concept/fysico-chemisch/27,null,null,null,null,null
https://data.omgeving.vlaanderen.be/id/concept/fysico-chemisch/15,http://www.w3.org/2004/02/skos/core#Concept,https://data.omgeving.vlaanderen.be/id/conceptscheme/fysico-chemische-eigenschap,null,"Hardheid, totaal",H t,https://data.omgeving.vlaanderen.be/id/conceptscheme/fysico-chemische-eigenschap,http://www.eionet.europa.eu/gemet/concept/1322|http://www.eionet.europa.eu/gemet/concept/6229,null,null,https://data.omgeving.vlaanderen.be/id/concept/fysico-chemisch/113|https://data.omgeving.vlaanderen.be/id/concept/fysico-chemisch/13|https://data.omgeving.vlaanderen.be/id/concept/fysico-chemisch/14,https://data.omgeving.vlaanderen.be/id/concept/fysico-chemisch/113|https://data.omgeving.vlaanderen.be/id/concept/fysico-chemisch/13|https://data.omgeving.vlaanderen.be/id/concept/fysico-chemisch/14,https://data.omgeving.vlaanderen.be/id/concept/fysico-chemisch/113|https://data.omgeving.vlaanderen.be/id/concept/fysico-chemisch/13|https://data.omgeving.vlaanderen.be/id/concept/fysico-chemisch/14,null,null,null
https://data.omgeving.vlaanderen.be/id/concept/fysico-chemisch/150,http://www.w3.org/2004/02/skos/core#Concept,https://data.omgeving.vlaanderen.be/id/conceptscheme/fysico-chemische-eigenschap,null,Suikergehalte (totaal),null,https://data.omgeving.vlaanderen.be/id/conceptscheme/fysico-chemische-eigenschap,http://www.eionet.europa.eu/gemet/concept/1322|http://www.eionet.europa.eu/gemet/concept/6229,null,null,null,null,null,null,null,null
https://data.omgeving.vlaanderen.be/id/concept/fysico-chemisch/151,http://www.w3.org/2004/02/skos/core#Concept,https://data.omgeving.vlaanderen.be/id/conceptscheme/fysico-chemische-eigenschap,null,Vezelconcentratie,null,https://data.omgeving.vlaanderen.be/id/conceptscheme/fysico-chemische-eigenschap,http://www.eionet.europa.eu/gemet/concept/1322|http://www.eionet.europa.eu/gemet/concept/6229,null,null,null,null,null,null,null,null
https://data.omgeving.vlaanderen.be/id/concept/fysico-chemisch/152,http://www.w3.org/2004/02/skos/core#Concept,https://data.omgeving.vlaanderen.be/id/conceptscheme/fysico-chemische-eigenschap,null,Zuurbindende waarde,null,https://data.omgeving.vlaanderen.be/id/conceptscheme/fysico-chemische-eigenschap,http://www.eionet.europa.eu/gemet/concept/1322|http://www.eionet.europa.eu/gemet/concept/6229,null,null,null,null,null,null,null,null
https://data.omgeving.vlaanderen.be/id/concept/fysico-chemisch/153,http://www.w3.org/2004/02/skos/core#Concept,https://data.omgeving.vlaanderen.be/id/conceptscheme/fysico-chemische-eigenschap,null,Korrelgrootte < 1000 µm,null,null,http://www.eionet.europa.eu/gemet/concept/1322|http://www.eionet.europa.eu/gemet/concept/6229,https://data.omgeving.vlaanderen.be/id/concept/fysico-chemisch/331,https://data.omgeving.vlaanderen.be/id/concept/fysico-chemisch/331,https://data.omgeving.vlaanderen.be/id/concept/fysico-chemisch/331,null,null,null,null,null
https://data.omgeving.vlaanderen.be/id/concept/fysico-chemisch/154,http://www.w3.org/2004/02/skos/core#Concept,https://data.omgeving.vlaanderen.be/id/conceptscheme/fysico-chemische-eigenschap,null,Korrelgrootte < 125 µm,null,null,http://www.eionet.europa.eu/gemet/concept/1322|http://www.eionet.europa.eu/gemet/concept/6229,https://data.omgeving.vlaanderen.be/id/concept/fysico-chemisch/331,https://data.omgeving.vlaanderen.be/id/concept/fysico-chemisch/331,https://data.omgeving.vlaanderen.be/id/concept/fysico-chemisch/331,null,null,null,null,null
https://data.omgeving.vlaanderen.be/id/concept/fysico-chemisch/155,http://www.w3.org/2004/02/skos/core#Concept,https://data.omgeving.vlaanderen.be/id/conceptscheme/fysico-chemische-eigenschap,null,Korrelgrootte < 16 µm,null,null,http://www.eionet.europa.eu/gemet/concept/1322|http://www.eionet.europa.eu/gemet/concept/6229,https://data.omgeving.vlaanderen.be/id/concept/fysico-chemisch/331,https://data.omgeving.vlaanderen.be/id/concept/fysico-chemisch/331,https://data.omgeving.vlaanderen.be/id/concept/fysico-chemisch/331,null,null,null,null,null
https://data.omgeving.vlaanderen.be/id/concept/fysico-chemisch/156,http://www.w3.org/2004/02/skos/core#Concept,https://data.omgeving.vlaanderen.be/id/conceptscheme/fysico-chemische-eigenschap,null,Korrelgrootte < 180 µm,null,null,http://www.eionet.europa.eu/gemet/concept/1322|http://www.eionet.europa.eu/gemet/concept/6229,https://data.omgeving.vlaanderen.be/id/concept/fysico-chemisch/331,https://data.omgeving.vlaanderen.be/id/concept/fysico-chemisch/331,https://data.omgeving.vlaanderen.be/id/concept/fysico-chemisch/331,null,null,null,null,null
https://data.omgeving.vlaanderen.be/id/concept/fysico-chemisch/157,http://www.w3.org/2004/02/skos/core#Concept,https://data.omgeving.vlaanderen.be/id/conceptscheme/fysico-chemische-eigenschap,null,Korrelgrootte < 2 µm,null,null,http://www.eionet.europa.eu/gemet/concept/1322|http://www.eionet.europa.eu/gemet/concept/6229,https://data.omgeving.vlaanderen.be/id/concept/fysico-chemisch/331,https://data.omgeving.vlaanderen.be/id/concept/fysico-chemisch/331,https://data.omgeving.vlaanderen.be/id/concept/fysico-chemisch/331,null,null,null,null,null
https://data.omgeving.vlaanderen.be/id/concept/fysico-chemisch/158,http://www.w3.org/2004/02/skos/core#Concept,https://data.omgeving.vlaanderen.be/id/conceptscheme/fysico-chemische-eigenschap,null,Korrelgrootte < 250 µm,null,null,http://www.eionet.europa.eu/gemet/concept/1322|http://www.eionet.europa.eu/gemet/concept/6229,https://data.omgeving.vlaanderen.be/id/concept/fysico-chemisch/331,https://data.omgeving.vlaanderen.be/id/concept/fysico-chemisch/331,https://data.omgeving.vlaanderen.be/id/concept/fysico-chemisch/331,null,null,null,null,null
https://data.omgeving.vlaanderen.be/id/concept/fysico-chemisch/159,http://www.w3.org/2004/02/skos/core#Concept,https://data.omgeving.vlaanderen.be/id/conceptscheme/fysico-chemische-eigenschap,null,Korrelgrootte < 500 µm,null,null,http://www.eionet.europa.eu/gemet/concept/1322|http://www.eionet.europa.eu/gemet/concept/6229,https://data.omgeving.vlaanderen.be/id/concept/fysico-chemisch/331,https://data.omgeving.vlaanderen.be/id/concept/fysico-chemisch/331,https://data.omgeving.vlaanderen.be/id/concept/fysico-chemisch/331,null,null,null,null,null
https://data.omgeving.vlaanderen.be/id/concept/fysico-chemisch/16,http://www.w3.org/2004/02/skos/core#Concept,https://data.omgeving.vlaanderen.be/id/conceptscheme/fysico-chemische-eigenschap,null,Ionenbalans,IB,https://data.omgeving.vlaanderen.be/id/conceptscheme/fysico-chemische-eigenschap,http://www.eionet.europa.eu/gemet/concept/1322|http://www.eionet.europa.eu/gemet/concept/6229,null,null,null,null,null,null,null,null
https://data.omgeving.vlaanderen.be/id/concept/fysico-chemisch/160,http://www.w3.org/2004/02/skos/core#Concept,https://data.omgeving.vlaanderen.be/id/conceptscheme/fysico-chemische-eigenschap,null,Korrelgrootte < 63 µm,null,null,http://www.eionet.europa.eu/gemet/concept/1322|http://www.eionet.europa.eu/gemet/concept/6229,https://data.omgeving.vlaanderen.be/id/concept/fysico-chemisch/331,https://data.omgeving.vlaanderen.be/id/concept/fysico-chemisch/331,https://data.omgeving.vlaanderen.be/id/concept/fysico-chemisch/331,null,null,null,null,null
https://data.omgeving.vlaanderen.be/id/concept/fysico-chemisch/161,http://www.w3.org/2004/02/skos/core#Concept,https://data.omgeving.vlaanderen.be/id/conceptscheme/fysico-chemische-eigenschap,null,Korrelgrootte < 32 µm,null,null,http://www.eionet.europa.eu/gemet/concept/1322|http://www.eionet.europa.eu/gemet/concept/6229,https://data.omgeving.vlaanderen.be/id/concept/fysico-chemisch/331,https://data.omgeving.vlaanderen.be/id/concept/fysico-chemisch/331,https://data.omgeving.vlaanderen.be/id/concept/fysico-chemisch/331,null,null,null,null,null
https://data.omgeving.vlaanderen.be/id/concept/fysico-chemisch/162,http://www.w3.org/2004/02/skos/core#Concept,https://data.omgeving.vlaanderen.be/id/conceptscheme/fysico-chemische-eigenschap,null,Korrelgrootte < 50 µm,null,null,http://www.eionet.europa.eu/gemet/concept/1322|http://www.eionet.europa.eu/gemet/concept/6229,https://data.omgeving.vlaanderen.be/id/concept/fysico-chemisch/331,https://data.omgeving.vlaanderen.be/id/concept/fysico-chemisch/331,https://data.omgeving.vlaanderen.be/id/concept/fysico-chemisch/331,null,null,null,null,null
https://data.omgeving.vlaanderen.be/id/concept/fysico-chemisch/163,http://www.w3.org/2004/02/skos/core#Concept,https://data.omgeving.vlaanderen.be/id/conceptscheme/fysico-chemische-eigenschap,null,Korrelgrootte > 2000 µm,null,null,http://www.eionet.europa.eu/gemet/concept/1322|http://www.eionet.europa.eu/gemet/concept/6229,https://data.omgeving.vlaanderen.be/id/concept/fysico-chemisch/331,https://data.omgeving.vlaanderen.be/id/concept/fysico-chemisch/331,https://data.omgeving.vlaanderen.be/id/concept/fysico-chemisch/331,null,null,null,null,null
https://data.omgeving.vlaanderen.be/id/concept/fysico-chemisch/164,http://www.w3.org/2004/02/skos/core#Concept,https://data.omgeving.vlaanderen.be/id/conceptscheme/fysico-chemische-eigenschap,null,Korrelgrootte < 2000 µm,null,null,http://www.eionet.europa.eu/gemet/concept/1322|http://www.eionet.europa.eu/gemet/concept/6229,https://data.omgeving.vlaanderen.be/id/concept/fysico-chemisch/331,https://data.omgeving.vlaanderen.be/id/concept/fysico-chemisch/331,https://data.omgeving.vlaanderen.be/id/concept/fysico-chemisch/331,null,null,null,null,null
https://data.omgeving.vlaanderen.be/id/concept/fysico-chemisch/165,http://www.w3.org/2004/02/skos/core#Concept,https://data.omgeving.vlaanderen.be/id/conceptscheme/fysico-chemische-eigenschap,null,Korrelgrootte < 355 µm,null,null,http://www.eionet.europa.eu/gemet/concept/1322|http://www.eionet.europa.eu/gemet/concept/6229,https://data.omgeving.vlaanderen.be/id/concept/fysico-chemisch/331,https://data.omgeving.vlaanderen.be/id/concept/fysico-chemisch/331,https://data.omgeving.vlaanderen.be/id/concept/fysico-chemisch/331,null,null,null,null,null
https://data.omgeving.vlaanderen.be/id/concept/fysico-chemisch/166,http://www.w3.org/2004/02/skos/core#Concept,https://data.omgeving.vlaanderen.be/id/conceptscheme/fysico-chemische-eigenschap,null,Asbest fractie van 1 mm tot 2mm,null,https://data.omgeving.vlaanderen.be/id/conceptscheme/fysico-chemische-eigenschap,http://www.eionet.europa.eu/gemet/concept/1322|http://www.eionet.europa.eu/gemet/concept/6229,null,null,null,null,null,null,null,null
https://data.omgeving.vlaanderen.be/id/concept/fysico-chemisch/167,http://www.w3.org/2004/02/skos/core#Concept,https://data.omgeving.vlaanderen.be/id/conceptscheme/fysico-chemische-eigenschap,null,Asbest fractie van 2 mm tot 4 mm,null,https://data.omgeving.vlaanderen.be/id/conceptscheme/fysico-chemische-eigenschap,http://www.eionet.europa.eu/gemet/concept/1322|http://www.eionet.europa.eu/gemet/concept/6229,null,null,null,null,null,null,null,null
https://data.omgeving.vlaanderen.be/id/concept/fysico-chemisch/168,http://www.w3.org/2004/02/skos/core#Concept,https://data.omgeving.vlaanderen.be/id/conceptscheme/fysico-chemische-eigenschap,null,Asbest fractie van 4 mm tot 8 mm,null,https://data.omgeving.vlaanderen.be/id/conceptscheme/fysico-chemische-eigenschap,http://www.eionet.europa.eu/gemet/concept/1322|http://www.eionet.europa.eu/gemet/concept/6229,null,null,null,null,null,null,null,null
https://data.omgeving.vlaanderen.be/id/concept/fysico-chemisch/169,http://www.w3.org/2004/02/skos/core#Concept,https://data.omgeving.vlaanderen.be/id/conceptscheme/fysico-chemische-eigenschap,null,Asbest fractie van 8 mm tot 16 mm,null,https://data.omgeving.vlaanderen.be/id/conceptscheme/fysico-chemische-eigenschap,http://www.eionet.europa.eu/gemet/concept/1322|http://www.eionet.europa.eu/gemet/concept/6229,null,null,null,null,null,null,null,null
https://data.omgeving.vlaanderen.be/id/concept/fysico-chemisch/17,http://www.w3.org/2004/02/skos/core#Concept,https://data.omgeving.vlaanderen.be/id/conceptscheme/fysico-chemische-eigenschap,null,Ionensterkte,IS,https://data.omgeving.vlaanderen.be/id/conceptscheme/fysico-chemische-eigenschap,http://www.eionet.europa.eu/gemet/concept/1322|http://www.eionet.europa.eu/gemet/concept/6229,null,null,null,null,null,null,null,null
https://data.omgeving.vlaanderen.be/id/concept/fysico-chemisch/170,http://www.w3.org/2004/02/skos/core#Concept,https://data.omgeving.vlaanderen.be/id/conceptscheme/fysico-chemische-eigenschap,null,Asbest fractie groter dan 16 mm,null,https://data.omgeving.vlaanderen.be/id/conceptscheme/fysico-chemische-eigenschap,http://www.eionet.europa.eu/gemet/concept/1322|http://www.eionet.europa.eu/gemet/concept/6229,null,null,null,null,null,null,null,null
https://data.omgeving.vlaanderen.be/id/concept/fysico-chemisch/171,http://www.w3.org/2004/02/skos/core#Concept,https://data.omgeving.vlaanderen.be/id/conceptscheme/fysico-chemische-eigenschap,null,Zuurstofverzadiging,null,https://data.omgeving.vlaanderen.be/id/conceptscheme/fysico-chemische-eigenschap,http://www.eionet.europa.eu/gemet/concept/1322|http://www.eionet.europa.eu/gemet/concept/6229,null,null,null,null,null,null,null,null
https://data.omgeving.vlaanderen.be/id/concept/fysico-chemisch/173,http://www.w3.org/2004/02/skos/core#Concept,https://data.omgeving.vlaanderen.be/id/conceptscheme/fysico-chemische-eigenschap,null,"Korrelgrootte distributie <2µm, totaal",null,https://data.omgeving.vlaanderen.be/id/conceptscheme/fysico-chemische-eigenschap,http://www.eionet.europa.eu/gemet/concept/1322|http://www.eionet.europa.eu/gemet/concept/6229,null,null,null,null,null,null,null,null
https://data.omgeving.vlaanderen.be/id/concept/fysico-chemisch/174,http://www.w3.org/2004/02/skos/core#Concept,https://data.omgeving.vlaanderen.be/id/conceptscheme/fysico-chemische-eigenschap,null,Aanwezigheid compacte laag,null,https://data.omgeving.vlaanderen.be/id/conceptscheme/fysico-chemische-eigenschap,http://www.eionet.europa.eu/gemet/concept/1322|http://www.eionet.europa.eu/gemet/concept/6229,null,null,null,null,null,null,null,null
https://data.omgeving.vlaanderen.be/id/concept/fysico-chemisch/175,http://www.w3.org/2004/02/skos/core#Concept,https://data.omgeving.vlaanderen.be/id/conceptscheme/fysico-chemische-eigenschap,null,Aanwezigheid drainage,null,https://data.omgeving.vlaanderen.be/id/conceptscheme/fysico-chemische-eigenschap,http://www.eionet.europa.eu/gemet/concept/1322|http://www.eionet.europa.eu/gemet/concept/6229,null,null,null,null,null,null,null,null
https://data.omgeving.vlaanderen.be/id/concept/fysico-chemisch/176,http://www.w3.org/2004/02/skos/core#Concept,https://data.omgeving.vlaanderen.be/id/conceptscheme/fysico-chemische-eigenschap,null,Aanwezigheid ijzeroerlaag,null,https://data.omgeving.vlaanderen.be/id/conceptscheme/fysico-chemische-eigenschap,http://www.eionet.europa.eu/gemet/concept/1322|http://www.eionet.europa.eu/gemet/concept/6229,null,null,null,null,null,null,null,null
https://data.omgeving.vlaanderen.be/id/concept/fysico-chemisch/177,http://www.w3.org/2004/02/skos/core#Concept,https://data.omgeving.vlaanderen.be/id/conceptscheme/fysico-chemische-eigenschap,null,Aanwezigheid roest,null,https://data.omgeving.vlaanderen.be/id/conceptscheme/fysico-chemische-eigenschap,http://www.eionet.europa.eu/gemet/concept/1322|http://www.eionet.europa.eu/gemet/concept/6229,null,null,null,null,null,null,null,null
https://data.omgeving.vlaanderen.be/id/concept/fysico-chemisch/178,http://www.w3.org/2004/02/skos/core#Concept,https://data.omgeving.vlaanderen.be/id/conceptscheme/fysico-chemische-eigenschap,null,Aanwezigheid schelpresten,null,https://data.omgeving.vlaanderen.be/id/conceptscheme/fysico-chemische-eigenschap,http://www.eionet.europa.eu/gemet/concept/1322|http://www.eionet.europa.eu/gemet/concept/6229,null,null,null,null,null,null,null,null
https://data.omgeving.vlaanderen.be/id/concept/fysico-chemisch/179,http://www.w3.org/2004/02/skos/core#Concept,https://data.omgeving.vlaanderen.be/id/conceptscheme/fysico-chemische-eigenschap,null,Aard van de stenige bijmenging,null,https://data.omgeving.vlaanderen.be/id/conceptscheme/fysico-chemische-eigenschap,http://www.eionet.europa.eu/gemet/concept/1322|http://www.eionet.europa.eu/gemet/concept/6229,null,null,null,null,null,null,null,null
https://data.omgeving.vlaanderen.be/id/concept/fysico-chemisch/18,http://www.w3.org/2004/02/skos/core#Concept,https://data.omgeving.vlaanderen.be/id/conceptscheme/fysico-chemische-eigenschap,null,Kleur,Kleur,https://data.omgeving.vlaanderen.be/id/conceptscheme/fysico-chemische-eigenschap,http://www.eionet.europa.eu/gemet/concept/1322|http://www.eionet.europa.eu/gemet/concept/6229,null,null,https://data.omgeving.vlaanderen.be/id/concept/fysico-chemisch/80|https://data.omgeving.vlaanderen.be/id/concept/fysico-chemisch/266|https://data.omgeving.vlaanderen.be/id/concept/fysico-chemisch/267|https://data.omgeving.vlaanderen.be/id/concept/fysico-chemisch/268|https://data.omgeving.vlaanderen.be/id/concept/fysico-chemisch/269|https://data.omgeving.vlaanderen.be/id/concept/fysico-chemisch/270|https://data.omgeving.vlaanderen.be/id/concept/fysico-chemisch/271|https://data.omgeving.vlaanderen.be/id/concept/fysico-chemisch/272|https://data.omgeving.vlaanderen.be/id/concept/fysico-chemisch/273|https://data.omgeving.vlaanderen.be/id/concept/fysico-chemisch/274|https://data.omgeving.vlaanderen.be/id/concept/fysico-chemisch/275|https://data.omgeving.vlaanderen.be/id/concept/fysico-chemisch/276|https://data.omgeving.vlaanderen.be/id/concept/fysico-chemisch/277|https://data.omgeving.vlaanderen.be/id/concept/fysico-chemisch/278|https://data.omgeving.vlaanderen.be/id/concept/fysico-chemisch/279,https://data.omgeving.vlaanderen.be/id/concept/fysico-chemisch/80|https://data.omgeving.vlaanderen.be/id/concept/fysico-chemisch/266|https://data.omgeving.vlaanderen.be/id/concept/fysico-chemisch/267|https://data.omgeving.vlaanderen.be/id/concept/fysico-chemisch/268|https://data.omgeving.vlaanderen.be/id/concept/fysico-chemisch/269|https://data.omgeving.vlaanderen.be/id/concept/fysico-chemisch/270|https://data.omgeving.vlaanderen.be/id/concept/fysico-chemisch/271|https://data.omgeving.vlaanderen.be/id/concept/fysico-chemisch/272|https://data.omgeving.vlaanderen.be/id/concept/fysico-chemisch/273|https://data.omgeving.vlaanderen.be/id/concept/fysico-chemisch/274|https://data.omgeving.vlaanderen.be/id/concept/fysico-chemisch/275|https://data.omgeving.vlaanderen.be/id/concept/fysico-chemisch/276|https://data.omgeving.vlaanderen.be/id/concept/fysico-chemisch/277|https://data.omgeving.vlaanderen.be/id/concept/fysico-chemisch/278|https://data.omgeving.vlaanderen.be/id/concept/fysico-chemisch/279,https://data.omgeving.vlaanderen.be/id/concept/fysico-chemisch/80|https://data.omgeving.vlaanderen.be/id/concept/fysico-chemisch/266|https://data.omgeving.vlaanderen.be/id/concept/fysico-chemisch/267|https://data.omgeving.vlaanderen.be/id/concept/fysico-chemisch/268|https://data.omgeving.vlaanderen.be/id/concept/fysico-chemisch/269|https://data.omgeving.vlaanderen.be/id/concept/fysico-chemisch/270|https://data.omgeving.vlaanderen.be/id/concept/fysico-chemisch/271|https://data.omgeving.vlaanderen.be/id/concept/fysico-chemisch/272|https://data.omgeving.vlaanderen.be/id/concept/fysico-chemisch/273|https://data.omgeving.vlaanderen.be/id/concept/fysico-chemisch/274|https://data.omgeving.vlaanderen.be/id/concept/fysico-chemisch/275|https://data.omgeving.vlaanderen.be/id/concept/fysico-chemisch/276|https://data.omgeving.vlaanderen.be/id/concept/fysico-chemisch/277|https://data.omgeving.vlaanderen.be/id/concept/fysico-chemisch/278|https://data.omgeving.vlaanderen.be/id/concept/fysico-chemisch/279,null,null,null
https://data.omgeving.vlaanderen.be/id/concept/fysico-chemisch/180,http://www.w3.org/2004/02/skos/core#Concept,https://data.omgeving.vlaanderen.be/id/conceptscheme/fysico-chemische-eigenschap,null,Advanced Triaxiaal testing,null,https://data.omgeving.vlaanderen.be/id/conceptscheme/fysico-chemische-eigenschap,http://www.eionet.europa.eu/gemet/concept/1322|http://www.eionet.europa.eu/gemet/concept/6229,null,null,null,null,null,null,null,null
https://data.omgeving.vlaanderen.be/id/concept/fysico-chemisch/181,http://www.w3.org/2004/02/skos/core#Concept,https://data.omgeving.vlaanderen.be/id/conceptscheme/fysico-chemische-eigenschap,null,"ASTM , de beschrijving",null,https://data.omgeving.vlaanderen.be/id/conceptscheme/fysico-chemische-eigenschap,http://www.eionet.europa.eu/gemet/concept/1322|http://www.eionet.europa.eu/gemet/concept/6229,null,null,null,null,null,null,null,null
https://data.omgeving.vlaanderen.be/id/concept/fysico-chemisch/182,http://www.w3.org/2004/02/skos/core#Concept,https://data.omgeving.vlaanderen.be/id/conceptscheme/fysico-chemische-eigenschap,null,"ASTM , de code",null,https://data.omgeving.vlaanderen.be/id/conceptscheme/fysico-chemische-eigenschap,http://www.eionet.europa.eu/gemet/concept/1322|http://www.eionet.europa.eu/gemet/concept/6229,null,null,null,null,null,null,null,null
https://data.omgeving.vlaanderen.be/id/concept/fysico-chemisch/183,http://www.w3.org/2004/02/skos/core#Concept,https://data.omgeving.vlaanderen.be/id/conceptscheme/fysico-chemische-eigenschap,null,Begrazing,null,https://data.omgeving.vlaanderen.be/id/conceptscheme/fysico-chemische-eigenschap,http://www.eionet.europa.eu/gemet/concept/1322|http://www.eionet.europa.eu/gemet/concept/6229,null,null,null,null,null,null,null,null
https://data.omgeving.vlaanderen.be/id/concept/fysico-chemisch/184,http://www.w3.org/2004/02/skos/core#Concept,https://data.omgeving.vlaanderen.be/id/conceptscheme/fysico-chemische-eigenschap,null,Bemonsteringsinstrument bodem,null,https://data.omgeving.vlaanderen.be/id/conceptscheme/fysico-chemische-eigenschap,http://www.eionet.europa.eu/gemet/concept/1322|http://www.eionet.europa.eu/gemet/concept/6229,null,null,null,null,null,null,null,null
https://data.omgeving.vlaanderen.be/id/concept/fysico-chemisch/185,http://www.w3.org/2004/02/skos/core#Concept,https://data.omgeving.vlaanderen.be/id/conceptscheme/fysico-chemische-eigenschap,null,Bewaard bodemmonster opslaglocatie,null,https://data.omgeving.vlaanderen.be/id/conceptscheme/fysico-chemische-eigenschap,http://www.eionet.europa.eu/gemet/concept/1322|http://www.eionet.europa.eu/gemet/concept/6229,null,null,null,null,null,null,null,null
https://data.omgeving.vlaanderen.be/id/concept/fysico-chemisch/186,http://www.w3.org/2004/02/skos/core#Concept,https://data.omgeving.vlaanderen.be/id/conceptscheme/fysico-chemische-eigenschap,null,Bewaard bodemmonster voorbereiding type bewaring,null,https://data.omgeving.vlaanderen.be/id/conceptscheme/fysico-chemische-eigenschap,http://www.eionet.europa.eu/gemet/concept/1322|http://www.eionet.europa.eu/gemet/concept/6229,null,null,null,null,null,null,null,null
https://data.omgeving.vlaanderen.be/id/concept/fysico-chemisch/187,http://www.w3.org/2004/02/skos/core#Concept,https://data.omgeving.vlaanderen.be/id/conceptscheme/fysico-chemische-eigenschap,null,Bewaard bodemmonster voorbereiding type breken zeven malen,null,https://data.omgeving.vlaanderen.be/id/conceptscheme/fysico-chemische-eigenschap,http://www.eionet.europa.eu/gemet/concept/1322|http://www.eionet.europa.eu/gemet/concept/6229,null,null,null,null,null,null,null,null
https://data.omgeving.vlaanderen.be/id/concept/fysico-chemisch/188,http://www.w3.org/2004/02/skos/core#Concept,https://data.omgeving.vlaanderen.be/id/conceptscheme/fysico-chemische-eigenschap,null,Bewaard bodemmonster voorbereiding type droging,null,https://data.omgeving.vlaanderen.be/id/conceptscheme/fysico-chemische-eigenschap,http://www.eionet.europa.eu/gemet/concept/1322|http://www.eionet.europa.eu/gemet/concept/6229,null,null,null,null,null,null,null,null
https://data.omgeving.vlaanderen.be/id/concept/fysico-chemisch/189,http://www.w3.org/2004/02/skos/core#Concept,https://data.omgeving.vlaanderen.be/id/conceptscheme/fysico-chemische-eigenschap,null,Bodembedekking landgebruiksbestand Vlaanderen,null,https://data.omgeving.vlaanderen.be/id/conceptscheme/fysico-chemische-eigenschap,http://www.eionet.europa.eu/gemet/concept/1322|http://www.eionet.europa.eu/gemet/concept/6229,null,null,null,null,null,null,null,null
https://data.omgeving.vlaanderen.be/id/concept/fysico-chemisch/19,http://www.w3.org/2004/02/skos/core#Concept,https://data.omgeving.vlaanderen.be/id/conceptscheme/fysico-chemische-eigenschap,null,Korrelgrootte distributie <16µm,Gran<16,null,http://www.eionet.europa.eu/gemet/concept/1322|http://www.eionet.europa.eu/gemet/concept/6229,https://data.omgeving.vlaanderen.be/id/concept/fysico-chemisch/331,https://data.omgeving.vlaanderen.be/id/concept/fysico-chemisch/331,https://data.omgeving.vlaanderen.be/id/concept/fysico-chemisch/331,null,null,null,null,null
https://data.omgeving.vlaanderen.be/id/concept/fysico-chemisch/190,http://www.w3.org/2004/02/skos/core#Concept,https://data.omgeving.vlaanderen.be/id/conceptscheme/fysico-chemische-eigenschap,null,Bodembemonstering Cmon steken niet uitgevoerd ander landgebruik,null,https://data.omgeving.vlaanderen.be/id/conceptscheme/fysico-chemische-eigenschap,http://www.eionet.europa.eu/gemet/concept/1322|http://www.eionet.europa.eu/gemet/concept/6229,null,null,null,null,null,null,null,null
https://data.omgeving.vlaanderen.be/id/concept/fysico-chemisch/191,http://www.w3.org/2004/02/skos/core#Concept,https://data.omgeving.vlaanderen.be/id/conceptscheme/fysico-chemische-eigenschap,null,Bodembemonstering obstakel in de diepte - locatie,null,https://data.omgeving.vlaanderen.be/id/conceptscheme/fysico-chemische-eigenschap,http://www.eionet.europa.eu/gemet/concept/1322|http://www.eionet.europa.eu/gemet/concept/6229,null,null,null,null,null,null,null,null
https://data.omgeving.vlaanderen.be/id/concept/fysico-chemisch/192,http://www.w3.org/2004/02/skos/core#Concept,https://data.omgeving.vlaanderen.be/id/conceptscheme/fysico-chemische-eigenschap,null,Bodembemonstering obstakel in de diepte - type,null,https://data.omgeving.vlaanderen.be/id/conceptscheme/fysico-chemische-eigenschap,http://www.eionet.europa.eu/gemet/concept/1322|http://www.eionet.europa.eu/gemet/concept/6229,null,null,null,null,null,null,null,null
https://data.omgeving.vlaanderen.be/id/concept/fysico-chemisch/193,http://www.w3.org/2004/02/skos/core#Concept,https://data.omgeving.vlaanderen.be/id/conceptscheme/fysico-chemische-eigenschap,null,Bodembemonstering obstakels in de diepte,null,https://data.omgeving.vlaanderen.be/id/conceptscheme/fysico-chemische-eigenschap,http://www.eionet.europa.eu/gemet/concept/1322|http://www.eionet.europa.eu/gemet/concept/6229,null,null,null,null,null,null,null,null
https://data.omgeving.vlaanderen.be/id/concept/fysico-chemisch/194,http://www.w3.org/2004/02/skos/core#Concept,https://data.omgeving.vlaanderen.be/id/conceptscheme/fysico-chemische-eigenschap,null,Bodembemonstering steek niet uitgevoerd - locatie,null,https://data.omgeving.vlaanderen.be/id/conceptscheme/fysico-chemische-eigenschap,http://www.eionet.europa.eu/gemet/concept/1322|http://www.eionet.europa.eu/gemet/concept/6229,null,null,null,null,null,null,null,null
https://data.omgeving.vlaanderen.be/id/concept/fysico-chemisch/195,http://www.w3.org/2004/02/skos/core#Concept,https://data.omgeving.vlaanderen.be/id/conceptscheme/fysico-chemische-eigenschap,null,Bodembemonstering steek niet uitgevoerd - reden,null,https://data.omgeving.vlaanderen.be/id/conceptscheme/fysico-chemische-eigenschap,http://www.eionet.europa.eu/gemet/concept/1322|http://www.eionet.europa.eu/gemet/concept/6229,null,null,null,null,null,null,null,null
https://data.omgeving.vlaanderen.be/id/concept/fysico-chemisch/196,http://www.w3.org/2004/02/skos/core#Concept,https://data.omgeving.vlaanderen.be/id/conceptscheme/fysico-chemische-eigenschap,null,Bodembemonstering steken niet uitgevoerd,null,https://data.omgeving.vlaanderen.be/id/conceptscheme/fysico-chemische-eigenschap,http://www.eionet.europa.eu/gemet/concept/1322|http://www.eionet.europa.eu/gemet/concept/6229,null,null,null,null,null,null,null,null
https://data.omgeving.vlaanderen.be/id/concept/fysico-chemisch/197,http://www.w3.org/2004/02/skos/core#Concept,https://data.omgeving.vlaanderen.be/id/conceptscheme/fysico-chemische-eigenschap,null,Bodemgebruik,null,https://data.omgeving.vlaanderen.be/id/conceptscheme/fysico-chemische-eigenschap,http://www.eionet.europa.eu/gemet/concept/1322|http://www.eionet.europa.eu/gemet/concept/6229,null,null,https://data.omgeving.vlaanderen.be/id/concept/fysico-chemisch/198,https://data.omgeving.vlaanderen.be/id/concept/fysico-chemisch/198,https://data.omgeving.vlaanderen.be/id/concept/fysico-chemisch/198,null,null,null
https://data.omgeving.vlaanderen.be/id/concept/fysico-chemisch/198,http://www.w3.org/2004/02/skos/core#Concept,https://data.omgeving.vlaanderen.be/id/conceptscheme/fysico-chemische-eigenschap,null,Bodemgebruik Aardewerk,null,null,http://www.eionet.europa.eu/gemet/concept/1322|http://www.eionet.europa.eu/gemet/concept/6229,https://data.omgeving.vlaanderen.be/id/concept/fysico-chemisch/197,https://data.omgeving.vlaanderen.be/id/concept/fysico-chemisch/197,https://data.omgeving.vlaanderen.be/id/concept/fysico-chemisch/197,null,null,null,null,null
https://data.omgeving.vlaanderen.be/id/concept/fysico-chemisch/199,http://www.w3.org/2004/02/skos/core#Concept,https://data.omgeving.vlaanderen.be/id/conceptscheme/fysico-chemische-eigenschap,null,Bodemmonster type matrix,null,https://data.omgeving.vlaanderen.be/id/conceptscheme/fysico-chemische-eigenschap,http://www.eionet.europa.eu/gemet/concept/1322|http://www.eionet.europa.eu/gemet/concept/6229,null,null,null,null,null,null,null,null
https://data.omgeving.vlaanderen.be/id/concept/fysico-chemisch/20,http://www.w3.org/2004/02/skos/core#Concept,https://data.omgeving.vlaanderen.be/id/conceptscheme/fysico-chemische-eigenschap,null,Korrelgrootte distributie <2µm,Gran<2,null,http://www.eionet.europa.eu/gemet/concept/1322|http://www.eionet.europa.eu/gemet/concept/6229,https://data.omgeving.vlaanderen.be/id/concept/fysico-chemisch/331,https://data.omgeving.vlaanderen.be/id/concept/fysico-chemisch/331,https://data.omgeving.vlaanderen.be/id/concept/fysico-chemisch/331,null,null,null,null,null
https://data.omgeving.vlaanderen.be/id/concept/fysico-chemisch/200,http://www.w3.org/2004/02/skos/core#Concept,https://data.omgeving.vlaanderen.be/id/conceptscheme/fysico-chemische-eigenschap,null,Bodemmonster type verstoring,null,https://data.omgeving.vlaanderen.be/id/conceptscheme/fysico-chemische-eigenschap,http://www.eionet.europa.eu/gemet/concept/1322|http://www.eionet.europa.eu/gemet/concept/6229,null,null,null,null,null,null,null,null
https://data.omgeving.vlaanderen.be/id/concept/fysico-chemisch/201,http://www.w3.org/2004/02/skos/core#Concept,https://data.omgeving.vlaanderen.be/id/conceptscheme/fysico-chemische-eigenschap,null,Bodemtoestand,null,https://data.omgeving.vlaanderen.be/id/conceptscheme/fysico-chemische-eigenschap,http://www.eionet.europa.eu/gemet/concept/1322|http://www.eionet.europa.eu/gemet/concept/6229,null,null,null,null,null,null,null,null
https://data.omgeving.vlaanderen.be/id/concept/fysico-chemisch/202,http://www.w3.org/2004/02/skos/core#Concept,https://data.omgeving.vlaanderen.be/id/conceptscheme/fysico-chemische-eigenschap,null,Bodemverstoring,null,https://data.omgeving.vlaanderen.be/id/conceptscheme/fysico-chemische-eigenschap,http://www.eionet.europa.eu/gemet/concept/1322|http://www.eionet.europa.eu/gemet/concept/6229,null,null,null,null,null,null,null,null
https://data.omgeving.vlaanderen.be/id/concept/fysico-chemisch/203,http://www.w3.org/2004/02/skos/core#Concept,https://data.omgeving.vlaanderen.be/id/conceptscheme/fysico-chemische-eigenschap,null,C/N ratio,null,https://data.omgeving.vlaanderen.be/id/conceptscheme/fysico-chemische-eigenschap,http://www.eionet.europa.eu/gemet/concept/1322|http://www.eionet.europa.eu/gemet/concept/6229,null,null,null,null,null,null,null,null
https://data.omgeving.vlaanderen.be/id/concept/fysico-chemisch/204,http://www.w3.org/2004/02/skos/core#Concept,https://data.omgeving.vlaanderen.be/id/conceptscheme/fysico-chemische-eigenschap,null,Consistentie,null,https://data.omgeving.vlaanderen.be/id/conceptscheme/fysico-chemische-eigenschap,http://www.eionet.europa.eu/gemet/concept/1322|http://www.eionet.europa.eu/gemet/concept/6229,null,null,https://data.omgeving.vlaanderen.be/id/concept/fysico-chemisch/205|https://data.omgeving.vlaanderen.be/id/concept/fysico-chemisch/206,https://data.omgeving.vlaanderen.be/id/concept/fysico-chemisch/205|https://data.omgeving.vlaanderen.be/id/concept/fysico-chemisch/206,https://data.omgeving.vlaanderen.be/id/concept/fysico-chemisch/205|https://data.omgeving.vlaanderen.be/id/concept/fysico-chemisch/206,null,null,null
https://data.omgeving.vlaanderen.be/id/concept/fysico-chemisch/205,http://www.w3.org/2004/02/skos/core#Concept,https://data.omgeving.vlaanderen.be/id/conceptscheme/fysico-chemische-eigenschap,null,Consistentie - kleverigheid,null,null,http://www.eionet.europa.eu/gemet/concept/1322|http://www.eionet.europa.eu/gemet/concept/6229,https://data.omgeving.vlaanderen.be/id/concept/fysico-chemisch/204,https://data.omgeving.vlaanderen.be/id/concept/fysico-chemisch/204,https://data.omgeving.vlaanderen.be/id/concept/fysico-chemisch/204,null,null,null,null,null
https://data.omgeving.vlaanderen.be/id/concept/fysico-chemisch/206,http://www.w3.org/2004/02/skos/core#Concept,https://data.omgeving.vlaanderen.be/id/conceptscheme/fysico-chemische-eigenschap,null,Consistentie - plasticiteit,null,null,http://www.eionet.europa.eu/gemet/concept/1322|http://www.eionet.europa.eu/gemet/concept/6229,https://data.omgeving.vlaanderen.be/id/concept/fysico-chemisch/204,https://data.omgeving.vlaanderen.be/id/concept/fysico-chemisch/204,https://data.omgeving.vlaanderen.be/id/concept/fysico-chemisch/204,null,null,null,null,null
https://data.omgeving.vlaanderen.be/id/concept/fysico-chemisch/207,http://www.w3.org/2004/02/skos/core#Concept,https://data.omgeving.vlaanderen.be/id/conceptscheme/fysico-chemische-eigenschap,null,Constant rate of strain (CRS),null,https://data.omgeving.vlaanderen.be/id/conceptscheme/fysico-chemische-eigenschap,http://www.eionet.europa.eu/gemet/concept/1322|http://www.eionet.europa.eu/gemet/concept/6229,null,null,null,null,null,null,null,null
https://data.omgeving.vlaanderen.be/id/concept/fysico-chemisch/208,http://www.w3.org/2004/02/skos/core#Concept,https://data.omgeving.vlaanderen.be/id/conceptscheme/fysico-chemische-eigenschap,null,Coördinaat - Bonne - E,null,https://data.omgeving.vlaanderen.be/id/conceptscheme/fysico-chemische-eigenschap,http://www.eionet.europa.eu/gemet/concept/1322|http://www.eionet.europa.eu/gemet/concept/6229,null,null,null,null,null,null,null,null
https://data.omgeving.vlaanderen.be/id/concept/fysico-chemisch/209,http://www.w3.org/2004/02/skos/core#Concept,https://data.omgeving.vlaanderen.be/id/conceptscheme/fysico-chemische-eigenschap,null,Coördinaat - Bonne - N,null,https://data.omgeving.vlaanderen.be/id/conceptscheme/fysico-chemische-eigenschap,http://www.eionet.europa.eu/gemet/concept/1322|http://www.eionet.europa.eu/gemet/concept/6229,null,null,null,null,null,null,null,null
https://data.omgeving.vlaanderen.be/id/concept/fysico-chemisch/21,http://www.w3.org/2004/02/skos/core#Concept,https://data.omgeving.vlaanderen.be/id/conceptscheme/fysico-chemische-eigenschap,null,Korrelgrootte distributie <63µm,Gran<63,null,http://www.eionet.europa.eu/gemet/concept/1322|http://www.eionet.europa.eu/gemet/concept/6229,https://data.omgeving.vlaanderen.be/id/concept/fysico-chemisch/331,https://data.omgeving.vlaanderen.be/id/concept/fysico-chemisch/331,https://data.omgeving.vlaanderen.be/id/concept/fysico-chemisch/331,null,null,null,null,null
https://data.omgeving.vlaanderen.be/id/concept/fysico-chemisch/210,http://www.w3.org/2004/02/skos/core#Concept,https://data.omgeving.vlaanderen.be/id/conceptscheme/fysico-chemische-eigenschap,null,Coördinaat - Bonne - S,null,https://data.omgeving.vlaanderen.be/id/conceptscheme/fysico-chemische-eigenschap,http://www.eionet.europa.eu/gemet/concept/1322|http://www.eionet.europa.eu/gemet/concept/6229,null,null,null,null,null,null,null,null
https://data.omgeving.vlaanderen.be/id/concept/fysico-chemisch/211,http://www.w3.org/2004/02/skos/core#Concept,https://data.omgeving.vlaanderen.be/id/conceptscheme/fysico-chemische-eigenschap,null,Coördinaat - Bonne - W,null,https://data.omgeving.vlaanderen.be/id/conceptscheme/fysico-chemische-eigenschap,http://www.eionet.europa.eu/gemet/concept/1322|http://www.eionet.europa.eu/gemet/concept/6229,null,null,null,null,null,null,null,null
https://data.omgeving.vlaanderen.be/id/concept/fysico-chemisch/212,http://www.w3.org/2004/02/skos/core#Concept,https://data.omgeving.vlaanderen.be/id/conceptscheme/fysico-chemische-eigenschap,null,Doorlatendheid in tx cel,null,https://data.omgeving.vlaanderen.be/id/conceptscheme/fysico-chemische-eigenschap,http://www.eionet.europa.eu/gemet/concept/1322|http://www.eionet.europa.eu/gemet/concept/6229,null,null,null,null,null,null,null,null
https://data.omgeving.vlaanderen.be/id/concept/fysico-chemisch/213,http://www.w3.org/2004/02/skos/core#Concept,https://data.omgeving.vlaanderen.be/id/conceptscheme/fysico-chemische-eigenschap,null,Doorlatendheidsproef - algemeen,null,https://data.omgeving.vlaanderen.be/id/conceptscheme/fysico-chemische-eigenschap,http://www.eionet.europa.eu/gemet/concept/1322|http://www.eionet.europa.eu/gemet/concept/6229,null,null,null,null,null,null,null,null
https://data.omgeving.vlaanderen.be/id/concept/fysico-chemisch/214,http://www.w3.org/2004/02/skos/core#Concept,https://data.omgeving.vlaanderen.be/id/conceptscheme/fysico-chemische-eigenschap,null,Doorlatendheidsproef- constant verval,null,https://data.omgeving.vlaanderen.be/id/conceptscheme/fysico-chemische-eigenschap,http://www.eionet.europa.eu/gemet/concept/1322|http://www.eionet.europa.eu/gemet/concept/6229,null,null,null,null,null,null,null,null
https://data.omgeving.vlaanderen.be/id/concept/fysico-chemisch/215,http://www.w3.org/2004/02/skos/core#Concept,https://data.omgeving.vlaanderen.be/id/conceptscheme/fysico-chemische-eigenschap,null,Doorlatendheidsproef- veranderlijk verval - horizontaal,null,https://data.omgeving.vlaanderen.be/id/conceptscheme/fysico-chemische-eigenschap,http://www.eionet.europa.eu/gemet/concept/1322|http://www.eionet.europa.eu/gemet/concept/6229,null,null,null,null,null,null,null,null
https://data.omgeving.vlaanderen.be/id/concept/fysico-chemisch/216,http://www.w3.org/2004/02/skos/core#Concept,https://data.omgeving.vlaanderen.be/id/conceptscheme/fysico-chemische-eigenschap,null,Doorlatendheidsproef- veranderlijk verval - verticaal,null,https://data.omgeving.vlaanderen.be/id/conceptscheme/fysico-chemische-eigenschap,http://www.eionet.europa.eu/gemet/concept/1322|http://www.eionet.europa.eu/gemet/concept/6229,null,null,null,null,null,null,null,null
https://data.omgeving.vlaanderen.be/id/concept/fysico-chemisch/217,http://www.w3.org/2004/02/skos/core#Concept,https://data.omgeving.vlaanderen.be/id/conceptscheme/fysico-chemische-eigenschap,null,Drainage Aardewerk-doorlaatbaarheid,null,https://data.omgeving.vlaanderen.be/id/conceptscheme/fysico-chemische-eigenschap,http://www.eionet.europa.eu/gemet/concept/1322|http://www.eionet.europa.eu/gemet/concept/6229,null,null,null,null,null,null,null,null
https://data.omgeving.vlaanderen.be/id/concept/fysico-chemisch/218,http://www.w3.org/2004/02/skos/core#Concept,https://data.omgeving.vlaanderen.be/id/conceptscheme/fysico-chemische-eigenschap,null,Drainage Aardewerk - interne drainage,null,https://data.omgeving.vlaanderen.be/id/conceptscheme/fysico-chemische-eigenschap,http://www.eionet.europa.eu/gemet/concept/1322|http://www.eionet.europa.eu/gemet/concept/6229,null,null,null,null,null,null,null,null
https://data.omgeving.vlaanderen.be/id/concept/fysico-chemisch/219,http://www.w3.org/2004/02/skos/core#Concept,https://data.omgeving.vlaanderen.be/id/conceptscheme/fysico-chemische-eigenschap,null,Drainage Aardewerk - klasse,null,https://data.omgeving.vlaanderen.be/id/conceptscheme/fysico-chemische-eigenschap,http://www.eionet.europa.eu/gemet/concept/1322|http://www.eionet.europa.eu/gemet/concept/6229,null,null,null,null,null,null,null,null
https://data.omgeving.vlaanderen.be/id/concept/fysico-chemisch/22,http://www.w3.org/2004/02/skos/core#Concept,https://data.omgeving.vlaanderen.be/id/conceptscheme/fysico-chemische-eigenschap,null,Korrelgrootte distributie >63µm,Gran>63,null,http://www.eionet.europa.eu/gemet/concept/1322|http://www.eionet.europa.eu/gemet/concept/6229,https://data.omgeving.vlaanderen.be/id/concept/fysico-chemisch/331,https://data.omgeving.vlaanderen.be/id/concept/fysico-chemisch/331,https://data.omgeving.vlaanderen.be/id/concept/fysico-chemisch/331,null,null,null,null,null
https://data.omgeving.vlaanderen.be/id/concept/fysico-chemisch/220,http://www.w3.org/2004/02/skos/core#Concept,https://data.omgeving.vlaanderen.be/id/conceptscheme/fysico-chemische-eigenschap,null,Drainage Aardewerk - oppervlakkige drainage,null,https://data.omgeving.vlaanderen.be/id/conceptscheme/fysico-chemische-eigenschap,http://www.eionet.europa.eu/gemet/concept/1322|http://www.eionet.europa.eu/gemet/concept/6229,null,null,null,null,null,null,null,null
https://data.omgeving.vlaanderen.be/id/concept/fysico-chemisch/221,http://www.w3.org/2004/02/skos/core#Concept,https://data.omgeving.vlaanderen.be/id/conceptscheme/fysico-chemische-eigenschap,null,(Drainage) grachten,null,https://data.omgeving.vlaanderen.be/id/conceptscheme/fysico-chemische-eigenschap,http://www.eionet.europa.eu/gemet/concept/1322|http://www.eionet.europa.eu/gemet/concept/6229,null,null,null,null,null,null,null,null
https://data.omgeving.vlaanderen.be/id/concept/fysico-chemisch/222,http://www.w3.org/2004/02/skos/core#Concept,https://data.omgeving.vlaanderen.be/id/conceptscheme/fysico-chemische-eigenschap,null,Geologische aard - afzettingswijze laag 1,null,null,http://www.eionet.europa.eu/gemet/concept/1322|http://www.eionet.europa.eu/gemet/concept/6229,https://data.omgeving.vlaanderen.be/id/concept/fysico-chemisch/330,https://data.omgeving.vlaanderen.be/id/concept/fysico-chemisch/330,https://data.omgeving.vlaanderen.be/id/concept/fysico-chemisch/330,null,null,null,null,null
https://data.omgeving.vlaanderen.be/id/concept/fysico-chemisch/223,http://www.w3.org/2004/02/skos/core#Concept,https://data.omgeving.vlaanderen.be/id/conceptscheme/fysico-chemische-eigenschap,null,Geologische aard - afzettingswijze laag 2,null,null,http://www.eionet.europa.eu/gemet/concept/1322|http://www.eionet.europa.eu/gemet/concept/6229,https://data.omgeving.vlaanderen.be/id/concept/fysico-chemisch/330,https://data.omgeving.vlaanderen.be/id/concept/fysico-chemisch/330,https://data.omgeving.vlaanderen.be/id/concept/fysico-chemisch/330,null,null,null,null,null
https://data.omgeving.vlaanderen.be/id/concept/fysico-chemisch/224,http://www.w3.org/2004/02/skos/core#Concept,https://data.omgeving.vlaanderen.be/id/conceptscheme/fysico-chemische-eigenschap,null,Geologische aard - afzettingswijze laag 3,null,null,http://www.eionet.europa.eu/gemet/concept/1322|http://www.eionet.europa.eu/gemet/concept/6229,https://data.omgeving.vlaanderen.be/id/concept/fysico-chemisch/330,https://data.omgeving.vlaanderen.be/id/concept/fysico-chemisch/330,https://data.omgeving.vlaanderen.be/id/concept/fysico-chemisch/330,null,null,null,null,null
https://data.omgeving.vlaanderen.be/id/concept/fysico-chemisch/225,http://www.w3.org/2004/02/skos/core#Concept,https://data.omgeving.vlaanderen.be/id/conceptscheme/fysico-chemische-eigenschap,null,Geologische aard - afzettingswijze laag 4,null,null,http://www.eionet.europa.eu/gemet/concept/1322|http://www.eionet.europa.eu/gemet/concept/6229,https://data.omgeving.vlaanderen.be/id/concept/fysico-chemisch/330,https://data.omgeving.vlaanderen.be/id/concept/fysico-chemisch/330,https://data.omgeving.vlaanderen.be/id/concept/fysico-chemisch/330,null,null,null,null,null
https://data.omgeving.vlaanderen.be/id/concept/fysico-chemisch/226,http://www.w3.org/2004/02/skos/core#Concept,https://data.omgeving.vlaanderen.be/id/conceptscheme/fysico-chemische-eigenschap,null,Geologische aard - andere kenmerken laag 1,null,null,http://www.eionet.europa.eu/gemet/concept/1322|http://www.eionet.europa.eu/gemet/concept/6229,https://data.omgeving.vlaanderen.be/id/concept/fysico-chemisch/330,https://data.omgeving.vlaanderen.be/id/concept/fysico-chemisch/330,https://data.omgeving.vlaanderen.be/id/concept/fysico-chemisch/330,null,null,null,null,null
https://data.omgeving.vlaanderen.be/id/concept/fysico-chemisch/227,http://www.w3.org/2004/02/skos/core#Concept,https://data.omgeving.vlaanderen.be/id/conceptscheme/fysico-chemische-eigenschap,null,Geologische aard - andere kenmerken laag 2,null,null,http://www.eionet.europa.eu/gemet/concept/1322|http://www.eionet.europa.eu/gemet/concept/6229,https://data.omgeving.vlaanderen.be/id/concept/fysico-chemisch/330,https://data.omgeving.vlaanderen.be/id/concept/fysico-chemisch/330,https://data.omgeving.vlaanderen.be/id/concept/fysico-chemisch/330,null,null,null,null,null
https://data.omgeving.vlaanderen.be/id/concept/fysico-chemisch/228,http://www.w3.org/2004/02/skos/core#Concept,https://data.omgeving.vlaanderen.be/id/conceptscheme/fysico-chemische-eigenschap,null,Geologische aard - andere kenmerken laag 3,null,null,http://www.eionet.europa.eu/gemet/concept/1322|http://www.eionet.europa.eu/gemet/concept/6229,https://data.omgeving.vlaanderen.be/id/concept/fysico-chemisch/330,https://data.omgeving.vlaanderen.be/id/concept/fysico-chemisch/330,https://data.omgeving.vlaanderen.be/id/concept/fysico-chemisch/330,null,null,null,null,null
https://data.omgeving.vlaanderen.be/id/concept/fysico-chemisch/229,http://www.w3.org/2004/02/skos/core#Concept,https://data.omgeving.vlaanderen.be/id/conceptscheme/fysico-chemische-eigenschap,null,Geologische aard - andere kenmerken laag 4,null,null,http://www.eionet.europa.eu/gemet/concept/1322|http://www.eionet.europa.eu/gemet/concept/6229,https://data.omgeving.vlaanderen.be/id/concept/fysico-chemisch/330,https://data.omgeving.vlaanderen.be/id/concept/fysico-chemisch/330,https://data.omgeving.vlaanderen.be/id/concept/fysico-chemisch/330,null,null,null,null,null
https://data.omgeving.vlaanderen.be/id/concept/fysico-chemisch/23,http://www.w3.org/2004/02/skos/core#Concept,https://data.omgeving.vlaanderen.be/id/conceptscheme/fysico-chemische-eigenschap,null,Neerslag,Neerslag,https://data.omgeving.vlaanderen.be/id/conceptscheme/fysico-chemische-eigenschap,http://www.eionet.europa.eu/gemet/concept/1322|http://www.eionet.europa.eu/gemet/concept/6229,null,null,null,null,null,null,null,null
https://data.omgeving.vlaanderen.be/id/concept/fysico-chemisch/230,http://www.w3.org/2004/02/skos/core#Concept,https://data.omgeving.vlaanderen.be/id/conceptscheme/fysico-chemische-eigenschap,null,Geologische aard - bovenliggend laag 1,null,null,http://www.eionet.europa.eu/gemet/concept/1322|http://www.eionet.europa.eu/gemet/concept/6229,https://data.omgeving.vlaanderen.be/id/concept/fysico-chemisch/330,https://data.omgeving.vlaanderen.be/id/concept/fysico-chemisch/330,https://data.omgeving.vlaanderen.be/id/concept/fysico-chemisch/330,null,null,null,null,null
https://data.omgeving.vlaanderen.be/id/concept/fysico-chemisch/231,http://www.w3.org/2004/02/skos/core#Concept,https://data.omgeving.vlaanderen.be/id/conceptscheme/fysico-chemische-eigenschap,null,Geologische aard - bovenliggend laag 2,null,null,http://www.eionet.europa.eu/gemet/concept/1322|http://www.eionet.europa.eu/gemet/concept/6229,https://data.omgeving.vlaanderen.be/id/concept/fysico-chemisch/330,https://data.omgeving.vlaanderen.be/id/concept/fysico-chemisch/330,https://data.omgeving.vlaanderen.be/id/concept/fysico-chemisch/330,null,null,null,null,null
https://data.omgeving.vlaanderen.be/id/concept/fysico-chemisch/232,http://www.w3.org/2004/02/skos/core#Concept,https://data.omgeving.vlaanderen.be/id/conceptscheme/fysico-chemische-eigenschap,null,Geologische aard - bovenliggend laag 3,null,null,http://www.eionet.europa.eu/gemet/concept/1322|http://www.eionet.europa.eu/gemet/concept/6229,https://data.omgeving.vlaanderen.be/id/concept/fysico-chemisch/330,https://data.omgeving.vlaanderen.be/id/concept/fysico-chemisch/330,https://data.omgeving.vlaanderen.be/id/concept/fysico-chemisch/330,null,null,null,null,null
https://data.omgeving.vlaanderen.be/id/concept/fysico-chemisch/233,http://www.w3.org/2004/02/skos/core#Concept,https://data.omgeving.vlaanderen.be/id/conceptscheme/fysico-chemische-eigenschap,null,Geologische aard - bovenliggend laag 4,null,null,http://www.eionet.europa.eu/gemet/concept/1322|http://www.eionet.europa.eu/gemet/concept/6229,https://data.omgeving.vlaanderen.be/id/concept/fysico-chemisch/330,https://data.omgeving.vlaanderen.be/id/concept/fysico-chemisch/330,https://data.omgeving.vlaanderen.be/id/concept/fysico-chemisch/330,null,null,null,null,null
https://data.omgeving.vlaanderen.be/id/concept/fysico-chemisch/234,http://www.w3.org/2004/02/skos/core#Concept,https://data.omgeving.vlaanderen.be/id/conceptscheme/fysico-chemische-eigenschap,null,Geologische aard - bovenliggend laag 5,null,null,http://www.eionet.europa.eu/gemet/concept/1322|http://www.eionet.europa.eu/gemet/concept/6229,https://data.omgeving.vlaanderen.be/id/concept/fysico-chemisch/330,https://data.omgeving.vlaanderen.be/id/concept/fysico-chemisch/330,https://data.omgeving.vlaanderen.be/id/concept/fysico-chemisch/330,null,null,null,null,null
https://data.omgeving.vlaanderen.be/id/concept/fysico-chemisch/235,http://www.w3.org/2004/02/skos/core#Concept,https://data.omgeving.vlaanderen.be/id/conceptscheme/fysico-chemische-eigenschap,null,Geologische aard - bovenliggend laag 6,null,null,http://www.eionet.europa.eu/gemet/concept/1322|http://www.eionet.europa.eu/gemet/concept/6229,https://data.omgeving.vlaanderen.be/id/concept/fysico-chemisch/330,https://data.omgeving.vlaanderen.be/id/concept/fysico-chemisch/330,https://data.omgeving.vlaanderen.be/id/concept/fysico-chemisch/330,null,null,null,null,null
https://data.omgeving.vlaanderen.be/id/concept/fysico-chemisch/236,http://www.w3.org/2004/02/skos/core#Concept,https://data.omgeving.vlaanderen.be/id/conceptscheme/fysico-chemische-eigenschap,null,Geologische aard - lithologie laag 1,null,null,http://www.eionet.europa.eu/gemet/concept/1322|http://www.eionet.europa.eu/gemet/concept/6229,https://data.omgeving.vlaanderen.be/id/concept/fysico-chemisch/330,https://data.omgeving.vlaanderen.be/id/concept/fysico-chemisch/330,https://data.omgeving.vlaanderen.be/id/concept/fysico-chemisch/330,null,null,null,null,null
https://data.omgeving.vlaanderen.be/id/concept/fysico-chemisch/237,http://www.w3.org/2004/02/skos/core#Concept,https://data.omgeving.vlaanderen.be/id/conceptscheme/fysico-chemische-eigenschap,null,Geologische aard - lithologie laag 2,null,null,http://www.eionet.europa.eu/gemet/concept/1322|http://www.eionet.europa.eu/gemet/concept/6229,https://data.omgeving.vlaanderen.be/id/concept/fysico-chemisch/330,https://data.omgeving.vlaanderen.be/id/concept/fysico-chemisch/330,https://data.omgeving.vlaanderen.be/id/concept/fysico-chemisch/330,null,null,null,null,null
https://data.omgeving.vlaanderen.be/id/concept/fysico-chemisch/238,http://www.w3.org/2004/02/skos/core#Concept,https://data.omgeving.vlaanderen.be/id/conceptscheme/fysico-chemische-eigenschap,null,Geologische aard - lithologie laag 3,null,null,http://www.eionet.europa.eu/gemet/concept/1322|http://www.eionet.europa.eu/gemet/concept/6229,https://data.omgeving.vlaanderen.be/id/concept/fysico-chemisch/330,https://data.omgeving.vlaanderen.be/id/concept/fysico-chemisch/330,https://data.omgeving.vlaanderen.be/id/concept/fysico-chemisch/330,null,null,null,null,null
https://data.omgeving.vlaanderen.be/id/concept/fysico-chemisch/239,http://www.w3.org/2004/02/skos/core#Concept,https://data.omgeving.vlaanderen.be/id/conceptscheme/fysico-chemische-eigenschap,null,Geologische aard - lithologie laag 4,null,null,http://www.eionet.europa.eu/gemet/concept/1322|http://www.eionet.europa.eu/gemet/concept/6229,https://data.omgeving.vlaanderen.be/id/concept/fysico-chemisch/330,https://data.omgeving.vlaanderen.be/id/concept/fysico-chemisch/330,https://data.omgeving.vlaanderen.be/id/concept/fysico-chemisch/330,null,null,null,null,null
https://data.omgeving.vlaanderen.be/id/concept/fysico-chemisch/24,http://www.w3.org/2004/02/skos/core#Concept,https://data.omgeving.vlaanderen.be/id/conceptscheme/fysico-chemische-eigenschap,null,pH,pH,null,http://www.eionet.europa.eu/gemet/concept/1322|http://www.eionet.europa.eu/gemet/concept/6229,https://data.omgeving.vlaanderen.be/id/concept/fysico-chemisch/76,https://data.omgeving.vlaanderen.be/id/concept/fysico-chemisch/76,https://data.omgeving.vlaanderen.be/id/concept/fysico-chemisch/76,null,null,null,null,null
https://data.omgeving.vlaanderen.be/id/concept/fysico-chemisch/240,http://www.w3.org/2004/02/skos/core#Concept,https://data.omgeving.vlaanderen.be/id/conceptscheme/fysico-chemische-eigenschap,null,Geologische aard - lithologie laag 5,null,null,http://www.eionet.europa.eu/gemet/concept/1322|http://www.eionet.europa.eu/gemet/concept/6229,https://data.omgeving.vlaanderen.be/id/concept/fysico-chemisch/330,https://data.omgeving.vlaanderen.be/id/concept/fysico-chemisch/330,https://data.omgeving.vlaanderen.be/id/concept/fysico-chemisch/330,null,null,null,null,null
https://data.omgeving.vlaanderen.be/id/concept/fysico-chemisch/241,http://www.w3.org/2004/02/skos/core#Concept,https://data.omgeving.vlaanderen.be/id/conceptscheme/fysico-chemische-eigenschap,null,Geologische aard - lithologie laag 6,null,null,http://www.eionet.europa.eu/gemet/concept/1322|http://www.eionet.europa.eu/gemet/concept/6229,https://data.omgeving.vlaanderen.be/id/concept/fysico-chemisch/330,https://data.omgeving.vlaanderen.be/id/concept/fysico-chemisch/330,https://data.omgeving.vlaanderen.be/id/concept/fysico-chemisch/330,null,null,null,null,null
https://data.omgeving.vlaanderen.be/id/concept/fysico-chemisch/242,http://www.w3.org/2004/02/skos/core#Concept,https://data.omgeving.vlaanderen.be/id/conceptscheme/fysico-chemische-eigenschap,null,Geologische aard - tijdperk laag 1,null,null,http://www.eionet.europa.eu/gemet/concept/1322|http://www.eionet.europa.eu/gemet/concept/6229,https://data.omgeving.vlaanderen.be/id/concept/fysico-chemisch/330,https://data.omgeving.vlaanderen.be/id/concept/fysico-chemisch/330,https://data.omgeving.vlaanderen.be/id/concept/fysico-chemisch/330,null,null,null,null,null
https://data.omgeving.vlaanderen.be/id/concept/fysico-chemisch/243,http://www.w3.org/2004/02/skos/core#Concept,https://data.omgeving.vlaanderen.be/id/conceptscheme/fysico-chemische-eigenschap,null,Geologische aard - tijdperk laag 2,null,null,http://www.eionet.europa.eu/gemet/concept/1322|http://www.eionet.europa.eu/gemet/concept/6229,https://data.omgeving.vlaanderen.be/id/concept/fysico-chemisch/330,https://data.omgeving.vlaanderen.be/id/concept/fysico-chemisch/330,https://data.omgeving.vlaanderen.be/id/concept/fysico-chemisch/330,null,null,null,null,null
https://data.omgeving.vlaanderen.be/id/concept/fysico-chemisch/244,http://www.w3.org/2004/02/skos/core#Concept,https://data.omgeving.vlaanderen.be/id/conceptscheme/fysico-chemische-eigenschap,null,Geologische aard - tijdperk laag 3,null,null,http://www.eionet.europa.eu/gemet/concept/1322|http://www.eionet.europa.eu/gemet/concept/6229,https://data.omgeving.vlaanderen.be/id/concept/fysico-chemisch/330,https://data.omgeving.vlaanderen.be/id/concept/fysico-chemisch/330,https://data.omgeving.vlaanderen.be/id/concept/fysico-chemisch/330,null,null,null,null,null
https://data.omgeving.vlaanderen.be/id/concept/fysico-chemisch/245,http://www.w3.org/2004/02/skos/core#Concept,https://data.omgeving.vlaanderen.be/id/conceptscheme/fysico-chemische-eigenschap,null,Geologische aard - tijdperk laag 4,null,null,http://www.eionet.europa.eu/gemet/concept/1322|http://www.eionet.europa.eu/gemet/concept/6229,https://data.omgeving.vlaanderen.be/id/concept/fysico-chemisch/330,https://data.omgeving.vlaanderen.be/id/concept/fysico-chemisch/330,https://data.omgeving.vlaanderen.be/id/concept/fysico-chemisch/330,null,null,null,null,null
https://data.omgeving.vlaanderen.be/id/concept/fysico-chemisch/246,http://www.w3.org/2004/02/skos/core#Concept,https://data.omgeving.vlaanderen.be/id/conceptscheme/fysico-chemische-eigenschap,null,Geologische aard - tijdperk laag 5,null,null,http://www.eionet.europa.eu/gemet/concept/1322|http://www.eionet.europa.eu/gemet/concept/6229,https://data.omgeving.vlaanderen.be/id/concept/fysico-chemisch/330,https://data.omgeving.vlaanderen.be/id/concept/fysico-chemisch/330,https://data.omgeving.vlaanderen.be/id/concept/fysico-chemisch/330,null,null,null,null,null
https://data.omgeving.vlaanderen.be/id/concept/fysico-chemisch/247,http://www.w3.org/2004/02/skos/core#Concept,https://data.omgeving.vlaanderen.be/id/conceptscheme/fysico-chemische-eigenschap,null,Geologische aard - tijdperk laag 6,null,null,http://www.eionet.europa.eu/gemet/concept/1322|http://www.eionet.europa.eu/gemet/concept/6229,https://data.omgeving.vlaanderen.be/id/concept/fysico-chemisch/330,https://data.omgeving.vlaanderen.be/id/concept/fysico-chemisch/330,https://data.omgeving.vlaanderen.be/id/concept/fysico-chemisch/330,null,null,null,null,null
https://data.omgeving.vlaanderen.be/id/concept/fysico-chemisch/248,http://www.w3.org/2004/02/skos/core#Concept,https://data.omgeving.vlaanderen.be/id/conceptscheme/fysico-chemische-eigenschap,null,Gley roest - aantal,null,https://data.omgeving.vlaanderen.be/id/conceptscheme/fysico-chemische-eigenschap,http://www.eionet.europa.eu/gemet/concept/1322|http://www.eionet.europa.eu/gemet/concept/6229,null,null,null,null,null,null,null,null
https://data.omgeving.vlaanderen.be/id/concept/fysico-chemisch/249,http://www.w3.org/2004/02/skos/core#Concept,https://data.omgeving.vlaanderen.be/id/conceptscheme/fysico-chemische-eigenschap,null,Gley roest - begrenzing,null,https://data.omgeving.vlaanderen.be/id/conceptscheme/fysico-chemische-eigenschap,http://www.eionet.europa.eu/gemet/concept/1322|http://www.eionet.europa.eu/gemet/concept/6229,null,null,null,null,null,null,null,null
https://data.omgeving.vlaanderen.be/id/concept/fysico-chemisch/25,http://www.w3.org/2004/02/skos/core#Concept,https://data.omgeving.vlaanderen.be/id/conceptscheme/fysico-chemische-eigenschap,null,pH (KCl),pH-KCl,null,http://www.eionet.europa.eu/gemet/concept/1322|http://www.eionet.europa.eu/gemet/concept/6229,https://data.omgeving.vlaanderen.be/id/concept/fysico-chemisch/76,https://data.omgeving.vlaanderen.be/id/concept/fysico-chemisch/76,https://data.omgeving.vlaanderen.be/id/concept/fysico-chemisch/76,null,null,null,null,null
https://data.omgeving.vlaanderen.be/id/concept/fysico-chemisch/250,http://www.w3.org/2004/02/skos/core#Concept,https://data.omgeving.vlaanderen.be/id/conceptscheme/fysico-chemische-eigenschap,null,Gley roest - contrast,null,https://data.omgeving.vlaanderen.be/id/conceptscheme/fysico-chemische-eigenschap,http://www.eionet.europa.eu/gemet/concept/1322|http://www.eionet.europa.eu/gemet/concept/6229,null,null,null,null,null,null,null,null
https://data.omgeving.vlaanderen.be/id/concept/fysico-chemisch/251,http://www.w3.org/2004/02/skos/core#Concept,https://data.omgeving.vlaanderen.be/id/conceptscheme/fysico-chemische-eigenschap,null,Gley roest - grootte,null,https://data.omgeving.vlaanderen.be/id/conceptscheme/fysico-chemische-eigenschap,http://www.eionet.europa.eu/gemet/concept/1322|http://www.eionet.europa.eu/gemet/concept/6229,null,null,null,null,null,null,null,null
https://data.omgeving.vlaanderen.be/id/concept/fysico-chemisch/252,http://www.w3.org/2004/02/skos/core#Concept,https://data.omgeving.vlaanderen.be/id/conceptscheme/fysico-chemische-eigenschap,null,Gley roest - vorm,null,https://data.omgeving.vlaanderen.be/id/conceptscheme/fysico-chemische-eigenschap,http://www.eionet.europa.eu/gemet/concept/1322|http://www.eionet.europa.eu/gemet/concept/6229,null,null,null,null,null,null,null,null
https://data.omgeving.vlaanderen.be/id/concept/fysico-chemisch/253,http://www.w3.org/2004/02/skos/core#Concept,https://data.omgeving.vlaanderen.be/id/conceptscheme/fysico-chemische-eigenschap,null,Grondsoort bepaald op zicht,null,https://data.omgeving.vlaanderen.be/id/conceptscheme/fysico-chemische-eigenschap,http://www.eionet.europa.eu/gemet/concept/1322|http://www.eionet.europa.eu/gemet/concept/6229,null,null,null,null,null,null,null,null
https://data.omgeving.vlaanderen.be/id/concept/fysico-chemisch/254,http://www.w3.org/2004/02/skos/core#Concept,https://data.omgeving.vlaanderen.be/id/conceptscheme/fysico-chemische-eigenschap,null,Grondsoort volgens BGGG norm,null,https://data.omgeving.vlaanderen.be/id/conceptscheme/fysico-chemische-eigenschap,http://www.eionet.europa.eu/gemet/concept/1322|http://www.eionet.europa.eu/gemet/concept/6229,null,null,null,null,null,null,null,null
https://data.omgeving.vlaanderen.be/id/concept/fysico-chemisch/255,http://www.w3.org/2004/02/skos/core#Concept,https://data.omgeving.vlaanderen.be/id/conceptscheme/fysico-chemische-eigenschap,null,Grondsoort volgens BGGG norm met detail grind,null,https://data.omgeving.vlaanderen.be/id/conceptscheme/fysico-chemische-eigenschap,http://www.eionet.europa.eu/gemet/concept/1322|http://www.eionet.europa.eu/gemet/concept/6229,null,null,null,null,null,null,null,null
https://data.omgeving.vlaanderen.be/id/concept/fysico-chemisch/256,http://www.w3.org/2004/02/skos/core#Concept,https://data.omgeving.vlaanderen.be/id/conceptscheme/fysico-chemische-eigenschap,null,Grondsoort volgens BGGG norm zonder detail grind,null,https://data.omgeving.vlaanderen.be/id/conceptscheme/fysico-chemische-eigenschap,http://www.eionet.europa.eu/gemet/concept/1322|http://www.eionet.europa.eu/gemet/concept/6229,null,null,null,null,null,null,null,null
https://data.omgeving.vlaanderen.be/id/concept/fysico-chemisch/257,http://www.w3.org/2004/02/skos/core#Concept,https://data.omgeving.vlaanderen.be/id/conceptscheme/fysico-chemische-eigenschap,null,Horizontstructuur - gradatie - aardewerk,null,https://data.omgeving.vlaanderen.be/id/conceptscheme/fysico-chemische-eigenschap,http://www.eionet.europa.eu/gemet/concept/1322|http://www.eionet.europa.eu/gemet/concept/6229,null,null,null,null,null,null,null,null
https://data.omgeving.vlaanderen.be/id/concept/fysico-chemisch/258,http://www.w3.org/2004/02/skos/core#Concept,https://data.omgeving.vlaanderen.be/id/conceptscheme/fysico-chemische-eigenschap,null,Horizontstructuur - gradatie - FAO,null,https://data.omgeving.vlaanderen.be/id/conceptscheme/fysico-chemische-eigenschap,http://www.eionet.europa.eu/gemet/concept/1322|http://www.eionet.europa.eu/gemet/concept/6229,null,null,null,null,null,null,null,null
https://data.omgeving.vlaanderen.be/id/concept/fysico-chemisch/259,http://www.w3.org/2004/02/skos/core#Concept,https://data.omgeving.vlaanderen.be/id/conceptscheme/fysico-chemische-eigenschap,null,Horizontstructuur - grootteklasse - aardewerk,null,https://data.omgeving.vlaanderen.be/id/conceptscheme/fysico-chemische-eigenschap,http://www.eionet.europa.eu/gemet/concept/1322|http://www.eionet.europa.eu/gemet/concept/6229,null,null,null,null,null,null,null,null
https://data.omgeving.vlaanderen.be/id/concept/fysico-chemisch/26,http://www.w3.org/2004/02/skos/core#Concept,https://data.omgeving.vlaanderen.be/id/conceptscheme/fysico-chemische-eigenschap,null,Redox potentiaal,Eh,https://data.omgeving.vlaanderen.be/id/conceptscheme/fysico-chemische-eigenschap,http://www.eionet.europa.eu/gemet/concept/1322|http://www.eionet.europa.eu/gemet/concept/6229,null,null,null,null,null,null,null,null
https://data.omgeving.vlaanderen.be/id/concept/fysico-chemisch/260,http://www.w3.org/2004/02/skos/core#Concept,https://data.omgeving.vlaanderen.be/id/conceptscheme/fysico-chemische-eigenschap,null,Horizontstructuur - grootteklasse - FAO,null,https://data.omgeving.vlaanderen.be/id/conceptscheme/fysico-chemische-eigenschap,http://www.eionet.europa.eu/gemet/concept/1322|http://www.eionet.europa.eu/gemet/concept/6229,null,null,null,null,null,null,null,null
https://data.omgeving.vlaanderen.be/id/concept/fysico-chemisch/261,http://www.w3.org/2004/02/skos/core#Concept,https://data.omgeving.vlaanderen.be/id/conceptscheme/fysico-chemische-eigenschap,null,Horizontstructuur - type - aardewerk,null,https://data.omgeving.vlaanderen.be/id/conceptscheme/fysico-chemische-eigenschap,http://www.eionet.europa.eu/gemet/concept/1322|http://www.eionet.europa.eu/gemet/concept/6229,null,null,null,null,null,null,null,null
https://data.omgeving.vlaanderen.be/id/concept/fysico-chemisch/262,http://www.w3.org/2004/02/skos/core#Concept,https://data.omgeving.vlaanderen.be/id/conceptscheme/fysico-chemische-eigenschap,null,Horizontstructuur - type - FAO,null,https://data.omgeving.vlaanderen.be/id/conceptscheme/fysico-chemische-eigenschap,http://www.eionet.europa.eu/gemet/concept/1322|http://www.eionet.europa.eu/gemet/concept/6229,null,null,null,null,null,null,null,null
https://data.omgeving.vlaanderen.be/id/concept/fysico-chemisch/263,http://www.w3.org/2004/02/skos/core#Concept,https://data.omgeving.vlaanderen.be/id/conceptscheme/fysico-chemische-eigenschap,null,Insporing of vertrappeling door vee,null,https://data.omgeving.vlaanderen.be/id/conceptscheme/fysico-chemische-eigenschap,http://www.eionet.europa.eu/gemet/concept/1322|http://www.eionet.europa.eu/gemet/concept/6229,null,null,null,null,null,null,null,null
https://data.omgeving.vlaanderen.be/id/concept/fysico-chemisch/264,http://www.w3.org/2004/02/skos/core#Concept,https://data.omgeving.vlaanderen.be/id/conceptscheme/fysico-chemische-eigenschap,null,Kalkgehalte_beschrijvend,null,https://data.omgeving.vlaanderen.be/id/conceptscheme/fysico-chemische-eigenschap,http://www.eionet.europa.eu/gemet/concept/1322|http://www.eionet.europa.eu/gemet/concept/6229,null,null,null,null,null,null,null,null
https://data.omgeving.vlaanderen.be/id/concept/fysico-chemisch/265,http://www.w3.org/2004/02/skos/core#Concept,https://data.omgeving.vlaanderen.be/id/conceptscheme/fysico-chemische-eigenschap,null,Kalkreactie met HCL,null,https://data.omgeving.vlaanderen.be/id/conceptscheme/fysico-chemische-eigenschap,http://www.eionet.europa.eu/gemet/concept/1322|http://www.eionet.europa.eu/gemet/concept/6229,null,null,null,null,null,null,null,null
https://data.omgeving.vlaanderen.be/id/concept/fysico-chemisch/266,http://www.w3.org/2004/02/skos/core#Concept,https://data.omgeving.vlaanderen.be/id/conceptscheme/fysico-chemische-eigenschap,null,Kleur omschrijving,null,null,http://www.eionet.europa.eu/gemet/concept/1322|http://www.eionet.europa.eu/gemet/concept/6229,https://data.omgeving.vlaanderen.be/id/concept/fysico-chemisch/18,https://data.omgeving.vlaanderen.be/id/concept/fysico-chemisch/18,https://data.omgeving.vlaanderen.be/id/concept/fysico-chemisch/18,null,null,null,null,null
https://data.omgeving.vlaanderen.be/id/concept/fysico-chemisch/267,http://www.w3.org/2004/02/skos/core#Concept,https://data.omgeving.vlaanderen.be/id/conceptscheme/fysico-chemische-eigenschap,null,Kleur volgens Munsell - CHROMA (kleur1),null,null,http://www.eionet.europa.eu/gemet/concept/1322|http://www.eionet.europa.eu/gemet/concept/6229,https://data.omgeving.vlaanderen.be/id/concept/fysico-chemisch/18,https://data.omgeving.vlaanderen.be/id/concept/fysico-chemisch/18,https://data.omgeving.vlaanderen.be/id/concept/fysico-chemisch/18,null,null,null,null,null
https://data.omgeving.vlaanderen.be/id/concept/fysico-chemisch/268,http://www.w3.org/2004/02/skos/core#Concept,https://data.omgeving.vlaanderen.be/id/conceptscheme/fysico-chemische-eigenschap,null,Kleur volgens Munsell - CHROMA (kleur2),null,null,http://www.eionet.europa.eu/gemet/concept/1322|http://www.eionet.europa.eu/gemet/concept/6229,https://data.omgeving.vlaanderen.be/id/concept/fysico-chemisch/18,https://data.omgeving.vlaanderen.be/id/concept/fysico-chemisch/18,https://data.omgeving.vlaanderen.be/id/concept/fysico-chemisch/18,null,null,null,null,null
https://data.omgeving.vlaanderen.be/id/concept/fysico-chemisch/269,http://www.w3.org/2004/02/skos/core#Concept,https://data.omgeving.vlaanderen.be/id/conceptscheme/fysico-chemische-eigenschap,null,Kleur volgens Munsell - CHROMA (kleur3),null,null,http://www.eionet.europa.eu/gemet/concept/1322|http://www.eionet.europa.eu/gemet/concept/6229,https://data.omgeving.vlaanderen.be/id/concept/fysico-chemisch/18,https://data.omgeving.vlaanderen.be/id/concept/fysico-chemisch/18,https://data.omgeving.vlaanderen.be/id/concept/fysico-chemisch/18,null,null,null,null,null
https://data.omgeving.vlaanderen.be/id/concept/fysico-chemisch/27,http://www.w3.org/2004/02/skos/core#Concept,https://data.omgeving.vlaanderen.be/id/conceptscheme/fysico-chemische-eigenschap,null,Geur,Reuk,https://data.omgeving.vlaanderen.be/id/conceptscheme/fysico-chemische-eigenschap,http://www.eionet.europa.eu/gemet/concept/1322|http://www.eionet.europa.eu/gemet/concept/6229,null,null,https://data.omgeving.vlaanderen.be/id/concept/fysico-chemisch/123|https://data.omgeving.vlaanderen.be/id/concept/fysico-chemisch/124|https://data.omgeving.vlaanderen.be/id/concept/fysico-chemisch/125|https://data.omgeving.vlaanderen.be/id/concept/fysico-chemisch/126|https://data.omgeving.vlaanderen.be/id/concept/fysico-chemisch/127|https://data.omgeving.vlaanderen.be/id/concept/fysico-chemisch/128|https://data.omgeving.vlaanderen.be/id/concept/fysico-chemisch/129|https://data.omgeving.vlaanderen.be/id/concept/fysico-chemisch/130|https://data.omgeving.vlaanderen.be/id/concept/fysico-chemisch/131|https://data.omgeving.vlaanderen.be/id/concept/fysico-chemisch/132|https://data.omgeving.vlaanderen.be/id/concept/fysico-chemisch/133|https://data.omgeving.vlaanderen.be/id/concept/fysico-chemisch/134|https://data.omgeving.vlaanderen.be/id/concept/fysico-chemisch/135|https://data.omgeving.vlaanderen.be/id/concept/fysico-chemisch/136|https://data.omgeving.vlaanderen.be/id/concept/fysico-chemisch/137|https://data.omgeving.vlaanderen.be/id/concept/fysico-chemisch/138|https://data.omgeving.vlaanderen.be/id/concept/fysico-chemisch/139|https://data.omgeving.vlaanderen.be/id/concept/fysico-chemisch/140|https://data.omgeving.vlaanderen.be/id/concept/fysico-chemisch/141|https://data.omgeving.vlaanderen.be/id/concept/fysico-chemisch/142|https://data.omgeving.vlaanderen.be/id/concept/fysico-chemisch/143|https://data.omgeving.vlaanderen.be/id/concept/fysico-chemisch/144|https://data.omgeving.vlaanderen.be/id/concept/fysico-chemisch/145|https://data.omgeving.vlaanderen.be/id/concept/fysico-chemisch/146,https://data.omgeving.vlaanderen.be/id/concept/fysico-chemisch/123|https://data.omgeving.vlaanderen.be/id/concept/fysico-chemisch/124|https://data.omgeving.vlaanderen.be/id/concept/fysico-chemisch/125|https://data.omgeving.vlaanderen.be/id/concept/fysico-chemisch/126|https://data.omgeving.vlaanderen.be/id/concept/fysico-chemisch/127|https://data.omgeving.vlaanderen.be/id/concept/fysico-chemisch/128|https://data.omgeving.vlaanderen.be/id/concept/fysico-chemisch/129|https://data.omgeving.vlaanderen.be/id/concept/fysico-chemisch/130|https://data.omgeving.vlaanderen.be/id/concept/fysico-chemisch/131|https://data.omgeving.vlaanderen.be/id/concept/fysico-chemisch/132|https://data.omgeving.vlaanderen.be/id/concept/fysico-chemisch/133|https://data.omgeving.vlaanderen.be/id/concept/fysico-chemisch/134|https://data.omgeving.vlaanderen.be/id/concept/fysico-chemisch/135|https://data.omgeving.vlaanderen.be/id/concept/fysico-chemisch/136|https://data.omgeving.vlaanderen.be/id/concept/fysico-chemisch/137|https://data.omgeving.vlaanderen.be/id/concept/fysico-chemisch/138|https://data.omgeving.vlaanderen.be/id/concept/fysico-chemisch/139|https://data.omgeving.vlaanderen.be/id/concept/fysico-chemisch/140|https://data.omgeving.vlaanderen.be/id/concept/fysico-chemisch/141|https://data.omgeving.vlaanderen.be/id/concept/fysico-chemisch/142|https://data.omgeving.vlaanderen.be/id/concept/fysico-chemisch/143|https://data.omgeving.vlaanderen.be/id/concept/fysico-chemisch/144|https://data.omgeving.vlaanderen.be/id/concept/fysico-chemisch/145|https://data.omgeving.vlaanderen.be/id/concept/fysico-chemisch/146,https://data.omgeving.vlaanderen.be/id/concept/fysico-chemisch/123|https://data.omgeving.vlaanderen.be/id/concept/fysico-chemisch/124|https://data.omgeving.vlaanderen.be/id/concept/fysico-chemisch/125|https://data.omgeving.vlaanderen.be/id/concept/fysico-chemisch/126|https://data.omgeving.vlaanderen.be/id/concept/fysico-chemisch/127|https://data.omgeving.vlaanderen.be/id/concept/fysico-chemisch/128|https://data.omgeving.vlaanderen.be/id/concept/fysico-chemisch/129|https://data.omgeving.vlaanderen.be/id/concept/fysico-chemisch/130|https://data.omgeving.vlaanderen.be/id/concept/fysico-chemisch/131|https://data.omgeving.vlaanderen.be/id/concept/fysico-chemisch/132|https://data.omgeving.vlaanderen.be/id/concept/fysico-chemisch/133|https://data.omgeving.vlaanderen.be/id/concept/fysico-chemisch/134|https://data.omgeving.vlaanderen.be/id/concept/fysico-chemisch/135|https://data.omgeving.vlaanderen.be/id/concept/fysico-chemisch/136|https://data.omgeving.vlaanderen.be/id/concept/fysico-chemisch/137|https://data.omgeving.vlaanderen.be/id/concept/fysico-chemisch/138|https://data.omgeving.vlaanderen.be/id/concept/fysico-chemisch/139|https://data.omgeving.vlaanderen.be/id/concept/fysico-chemisch/140|https://data.omgeving.vlaanderen.be/id/concept/fysico-chemisch/141|https://data.omgeving.vlaanderen.be/id/concept/fysico-chemisch/142|https://data.omgeving.vlaanderen.be/id/concept/fysico-chemisch/143|https://data.omgeving.vlaanderen.be/id/concept/fysico-chemisch/144|https://data.omgeving.vlaanderen.be/id/concept/fysico-chemisch/145|https://data.omgeving.vlaanderen.be/id/concept/fysico-chemisch/146,Reuk,null,null
https://data.omgeving.vlaanderen.be/id/concept/fysico-chemisch/270,http://www.w3.org/2004/02/skos/core#Concept,https://data.omgeving.vlaanderen.be/id/conceptscheme/fysico-chemische-eigenschap,null,Kleur volgens Munsell - HUE_getal (kleur1),null,null,http://www.eionet.europa.eu/gemet/concept/1322|http://www.eionet.europa.eu/gemet/concept/6229,https://data.omgeving.vlaanderen.be/id/concept/fysico-chemisch/18,https://data.omgeving.vlaanderen.be/id/concept/fysico-chemisch/18,https://data.omgeving.vlaanderen.be/id/concept/fysico-chemisch/18,null,null,null,null,null
https://data.omgeving.vlaanderen.be/id/concept/fysico-chemisch/271,http://www.w3.org/2004/02/skos/core#Concept,https://data.omgeving.vlaanderen.be/id/conceptscheme/fysico-chemische-eigenschap,null,Kleur volgens Munsell - HUE_getal (kleur2),null,null,http://www.eionet.europa.eu/gemet/concept/1322|http://www.eionet.europa.eu/gemet/concept/6229,https://data.omgeving.vlaanderen.be/id/concept/fysico-chemisch/18,https://data.omgeving.vlaanderen.be/id/concept/fysico-chemisch/18,https://data.omgeving.vlaanderen.be/id/concept/fysico-chemisch/18,null,null,null,null,null
https://data.omgeving.vlaanderen.be/id/concept/fysico-chemisch/272,http://www.w3.org/2004/02/skos/core#Concept,https://data.omgeving.vlaanderen.be/id/conceptscheme/fysico-chemische-eigenschap,null,Kleur volgens Munsell - HUE_getal (kleur3),null,null,http://www.eionet.europa.eu/gemet/concept/1322|http://www.eionet.europa.eu/gemet/concept/6229,https://data.omgeving.vlaanderen.be/id/concept/fysico-chemisch/18,https://data.omgeving.vlaanderen.be/id/concept/fysico-chemisch/18,https://data.omgeving.vlaanderen.be/id/concept/fysico-chemisch/18,null,null,null,null,null
https://data.omgeving.vlaanderen.be/id/concept/fysico-chemisch/273,http://www.w3.org/2004/02/skos/core#Concept,https://data.omgeving.vlaanderen.be/id/conceptscheme/fysico-chemische-eigenschap,null,Kleur volgens Munsell - HUE_letters (kleur1),null,null,http://www.eionet.europa.eu/gemet/concept/1322|http://www.eionet.europa.eu/gemet/concept/6229,https://data.omgeving.vlaanderen.be/id/concept/fysico-chemisch/18,https://data.omgeving.vlaanderen.be/id/concept/fysico-chemisch/18,https://data.omgeving.vlaanderen.be/id/concept/fysico-chemisch/18,null,null,null,null,null
https://data.omgeving.vlaanderen.be/id/concept/fysico-chemisch/274,http://www.w3.org/2004/02/skos/core#Concept,https://data.omgeving.vlaanderen.be/id/conceptscheme/fysico-chemische-eigenschap,null,Kleur volgens Munsell - HUE_letters (kleur2),null,null,http://www.eionet.europa.eu/gemet/concept/1322|http://www.eionet.europa.eu/gemet/concept/6229,https://data.omgeving.vlaanderen.be/id/concept/fysico-chemisch/18,https://data.omgeving.vlaanderen.be/id/concept/fysico-chemisch/18,https://data.omgeving.vlaanderen.be/id/concept/fysico-chemisch/18,null,null,null,null,null
https://data.omgeving.vlaanderen.be/id/concept/fysico-chemisch/275,http://www.w3.org/2004/02/skos/core#Concept,https://data.omgeving.vlaanderen.be/id/conceptscheme/fysico-chemische-eigenschap,null,Kleur volgens Munsell - HUE_letters (kleur3),null,null,http://www.eionet.europa.eu/gemet/concept/1322|http://www.eionet.europa.eu/gemet/concept/6229,https://data.omgeving.vlaanderen.be/id/concept/fysico-chemisch/18,https://data.omgeving.vlaanderen.be/id/concept/fysico-chemisch/18,https://data.omgeving.vlaanderen.be/id/concept/fysico-chemisch/18,null,null,null,null,null
https://data.omgeving.vlaanderen.be/id/concept/fysico-chemisch/276,http://www.w3.org/2004/02/skos/core#Concept,https://data.omgeving.vlaanderen.be/id/conceptscheme/fysico-chemische-eigenschap,null,Kleur volgens Munsell - kleurcode,null,null,http://www.eionet.europa.eu/gemet/concept/1322|http://www.eionet.europa.eu/gemet/concept/6229,https://data.omgeving.vlaanderen.be/id/concept/fysico-chemisch/18,https://data.omgeving.vlaanderen.be/id/concept/fysico-chemisch/18,https://data.omgeving.vlaanderen.be/id/concept/fysico-chemisch/18,null,null,null,null,null
https://data.omgeving.vlaanderen.be/id/concept/fysico-chemisch/277,http://www.w3.org/2004/02/skos/core#Concept,https://data.omgeving.vlaanderen.be/id/conceptscheme/fysico-chemische-eigenschap,null,Kleur volgens Munsell - VALUE (kleur1),null,null,http://www.eionet.europa.eu/gemet/concept/1322|http://www.eionet.europa.eu/gemet/concept/6229,https://data.omgeving.vlaanderen.be/id/concept/fysico-chemisch/18,https://data.omgeving.vlaanderen.be/id/concept/fysico-chemisch/18,https://data.omgeving.vlaanderen.be/id/concept/fysico-chemisch/18,null,null,null,null,null
https://data.omgeving.vlaanderen.be/id/concept/fysico-chemisch/278,http://www.w3.org/2004/02/skos/core#Concept,https://data.omgeving.vlaanderen.be/id/conceptscheme/fysico-chemische-eigenschap,null,Kleur volgens Munsell - VALUE (kleur2),null,null,http://www.eionet.europa.eu/gemet/concept/1322|http://www.eionet.europa.eu/gemet/concept/6229,https://data.omgeving.vlaanderen.be/id/concept/fysico-chemisch/18,https://data.omgeving.vlaanderen.be/id/concept/fysico-chemisch/18,https://data.omgeving.vlaanderen.be/id/concept/fysico-chemisch/18,null,null,null,null,null
https://data.omgeving.vlaanderen.be/id/concept/fysico-chemisch/279,http://www.w3.org/2004/02/skos/core#Concept,https://data.omgeving.vlaanderen.be/id/conceptscheme/fysico-chemische-eigenschap,null,Kleur volgens Munsell - VALUE (kleur3),null,null,http://www.eionet.europa.eu/gemet/concept/1322|http://www.eionet.europa.eu/gemet/concept/6229,https://data.omgeving.vlaanderen.be/id/concept/fysico-chemisch/18,https://data.omgeving.vlaanderen.be/id/concept/fysico-chemisch/18,https://data.omgeving.vlaanderen.be/id/concept/fysico-chemisch/18,null,null,null,null,null
https://data.omgeving.vlaanderen.be/id/concept/fysico-chemisch/28,http://www.w3.org/2004/02/skos/core#Concept,https://data.omgeving.vlaanderen.be/id/conceptscheme/fysico-chemische-eigenschap,null,Saliniteit,Salin.,https://data.omgeving.vlaanderen.be/id/conceptscheme/fysico-chemische-eigenschap,http://www.eionet.europa.eu/gemet/concept/1322|http://www.eionet.europa.eu/gemet/concept/6229,null,null,null,null,null,null,null,null
https://data.omgeving.vlaanderen.be/id/concept/fysico-chemisch/280,http://www.w3.org/2004/02/skos/core#Concept,https://data.omgeving.vlaanderen.be/id/conceptscheme/fysico-chemische-eigenschap,null,Korrelverdeling d.m.v. hydrometer/areometer,null,https://data.omgeving.vlaanderen.be/id/conceptscheme/fysico-chemische-eigenschap,http://www.eionet.europa.eu/gemet/concept/1322|http://www.eionet.europa.eu/gemet/concept/6229,null,null,null,null,null,null,null,null
https://data.omgeving.vlaanderen.be/id/concept/fysico-chemisch/281,http://www.w3.org/2004/02/skos/core#Concept,https://data.omgeving.vlaanderen.be/id/conceptscheme/fysico-chemische-eigenschap,null,Korrelverdeling d.m.v. laserdiffractie,null,https://data.omgeving.vlaanderen.be/id/conceptscheme/fysico-chemische-eigenschap,http://www.eionet.europa.eu/gemet/concept/1322|http://www.eionet.europa.eu/gemet/concept/6229,null,null,null,null,null,null,null,null
https://data.omgeving.vlaanderen.be/id/concept/fysico-chemisch/282,http://www.w3.org/2004/02/skos/core#Concept,https://data.omgeving.vlaanderen.be/id/conceptscheme/fysico-chemische-eigenschap,null,Korrelverdeling d.m.v. zeefproef,null,https://data.omgeving.vlaanderen.be/id/conceptscheme/fysico-chemische-eigenschap,http://www.eionet.europa.eu/gemet/concept/1322|http://www.eionet.europa.eu/gemet/concept/6229,null,null,null,null,null,null,null,null
https://data.omgeving.vlaanderen.be/id/concept/fysico-chemisch/283,http://www.w3.org/2004/02/skos/core#Concept,https://data.omgeving.vlaanderen.be/id/conceptscheme/fysico-chemische-eigenschap,null,Meest losse pakking,null,https://data.omgeving.vlaanderen.be/id/conceptscheme/fysico-chemische-eigenschap,http://www.eionet.europa.eu/gemet/concept/1322|http://www.eionet.europa.eu/gemet/concept/6229,null,null,null,null,null,null,null,null
https://data.omgeving.vlaanderen.be/id/concept/fysico-chemisch/284,http://www.w3.org/2004/02/skos/core#Concept,https://data.omgeving.vlaanderen.be/id/conceptscheme/fysico-chemische-eigenschap,null,Mengmonster aantal steken,null,https://data.omgeving.vlaanderen.be/id/conceptscheme/fysico-chemische-eigenschap,http://www.eionet.europa.eu/gemet/concept/1322|http://www.eionet.europa.eu/gemet/concept/6229,null,null,null,null,null,null,null,null
https://data.omgeving.vlaanderen.be/id/concept/fysico-chemisch/285,http://www.w3.org/2004/02/skos/core#Concept,https://data.omgeving.vlaanderen.be/id/conceptscheme/fysico-chemische-eigenschap,null,Mengmonster ID steek,null,https://data.omgeving.vlaanderen.be/id/conceptscheme/fysico-chemische-eigenschap,http://www.eionet.europa.eu/gemet/concept/1322|http://www.eionet.europa.eu/gemet/concept/6229,null,null,null,null,null,null,null,null
https://data.omgeving.vlaanderen.be/id/concept/fysico-chemisch/286,http://www.w3.org/2004/02/skos/core#Concept,https://data.omgeving.vlaanderen.be/id/conceptscheme/fysico-chemische-eigenschap,null,Mengmonster locaties steken,null,https://data.omgeving.vlaanderen.be/id/conceptscheme/fysico-chemische-eigenschap,http://www.eionet.europa.eu/gemet/concept/1322|http://www.eionet.europa.eu/gemet/concept/6229,null,null,null,null,null,null,null,null
https://data.omgeving.vlaanderen.be/id/concept/fysico-chemisch/287,http://www.w3.org/2004/02/skos/core#Concept,https://data.omgeving.vlaanderen.be/id/conceptscheme/fysico-chemische-eigenschap,null,Mengmonster locatie steek,null,https://data.omgeving.vlaanderen.be/id/conceptscheme/fysico-chemische-eigenschap,http://www.eionet.europa.eu/gemet/concept/1322|http://www.eionet.europa.eu/gemet/concept/6229,null,null,null,null,null,null,null,null
https://data.omgeving.vlaanderen.be/id/concept/fysico-chemisch/288,http://www.w3.org/2004/02/skos/core#Concept,https://data.omgeving.vlaanderen.be/id/conceptscheme/fysico-chemische-eigenschap,null,Mengmonster staalnamepatroon,null,https://data.omgeving.vlaanderen.be/id/conceptscheme/fysico-chemische-eigenschap,http://www.eionet.europa.eu/gemet/concept/1322|http://www.eionet.europa.eu/gemet/concept/6229,null,null,null,null,null,null,null,null
https://data.omgeving.vlaanderen.be/id/concept/fysico-chemisch/289,http://www.w3.org/2004/02/skos/core#Concept,https://data.omgeving.vlaanderen.be/id/conceptscheme/fysico-chemische-eigenschap,null,Oogstresten,null,https://data.omgeving.vlaanderen.be/id/conceptscheme/fysico-chemische-eigenschap,http://www.eionet.europa.eu/gemet/concept/1322|http://www.eionet.europa.eu/gemet/concept/6229,null,null,null,null,null,null,null,null
https://data.omgeving.vlaanderen.be/id/concept/fysico-chemisch/29,http://www.w3.org/2004/02/skos/core#Concept,https://data.omgeving.vlaanderen.be/id/conceptscheme/fysico-chemische-eigenschap,null,Smaak,Smaak,https://data.omgeving.vlaanderen.be/id/conceptscheme/fysico-chemische-eigenschap,http://www.eionet.europa.eu/gemet/concept/1322|http://www.eionet.europa.eu/gemet/concept/6229,null,null,null,null,null,null,null,null
https://data.omgeving.vlaanderen.be/id/concept/fysico-chemisch/290,http://www.w3.org/2004/02/skos/core#Concept,https://data.omgeving.vlaanderen.be/id/conceptscheme/fysico-chemische-eigenschap,null,Reductie in horizont(ja/nee),null,https://data.omgeving.vlaanderen.be/id/conceptscheme/fysico-chemische-eigenschap,http://www.eionet.europa.eu/gemet/concept/1322|http://www.eionet.europa.eu/gemet/concept/6229,null,null,null,null,null,null,null,null
https://data.omgeving.vlaanderen.be/id/concept/fysico-chemisch/291,http://www.w3.org/2004/02/skos/core#Concept,https://data.omgeving.vlaanderen.be/id/conceptscheme/fysico-chemische-eigenschap,null,Reliëf - aanwezigheid helling,null,https://data.omgeving.vlaanderen.be/id/conceptscheme/fysico-chemische-eigenschap,http://www.eionet.europa.eu/gemet/concept/1322|http://www.eionet.europa.eu/gemet/concept/6229,null,null,null,null,null,null,null,null
https://data.omgeving.vlaanderen.be/id/concept/fysico-chemisch/292,http://www.w3.org/2004/02/skos/core#Concept,https://data.omgeving.vlaanderen.be/id/conceptscheme/fysico-chemische-eigenschap,null,Reliëf - aard,null,https://data.omgeving.vlaanderen.be/id/conceptscheme/fysico-chemische-eigenschap,http://www.eionet.europa.eu/gemet/concept/1322|http://www.eionet.europa.eu/gemet/concept/6229,null,null,null,null,null,null,null,null
https://data.omgeving.vlaanderen.be/id/concept/fysico-chemisch/293,http://www.w3.org/2004/02/skos/core#Concept,https://data.omgeving.vlaanderen.be/id/conceptscheme/fysico-chemische-eigenschap,null,Reliëf - expositie,null,https://data.omgeving.vlaanderen.be/id/conceptscheme/fysico-chemische-eigenschap,http://www.eionet.europa.eu/gemet/concept/1322|http://www.eionet.europa.eu/gemet/concept/6229,null,null,null,null,null,null,null,null
https://data.omgeving.vlaanderen.be/id/concept/fysico-chemisch/294,http://www.w3.org/2004/02/skos/core#Concept,https://data.omgeving.vlaanderen.be/id/conceptscheme/fysico-chemische-eigenschap,null,Reliëf - helling enkelvoudig,null,https://data.omgeving.vlaanderen.be/id/conceptscheme/fysico-chemische-eigenschap,http://www.eionet.europa.eu/gemet/concept/1322|http://www.eionet.europa.eu/gemet/concept/6229,null,null,null,null,null,null,null,null
https://data.omgeving.vlaanderen.be/id/concept/fysico-chemisch/295,http://www.w3.org/2004/02/skos/core#Concept,https://data.omgeving.vlaanderen.be/id/conceptscheme/fysico-chemische-eigenschap,null,Reliëf - helling meervoudig,null,https://data.omgeving.vlaanderen.be/id/conceptscheme/fysico-chemische-eigenschap,http://www.eionet.europa.eu/gemet/concept/1322|http://www.eionet.europa.eu/gemet/concept/6229,null,null,null,null,null,null,null,null
https://data.omgeving.vlaanderen.be/id/concept/fysico-chemisch/296,http://www.w3.org/2004/02/skos/core#Concept,https://data.omgeving.vlaanderen.be/id/conceptscheme/fysico-chemische-eigenschap,null,Reliëf - landvorm,null,https://data.omgeving.vlaanderen.be/id/conceptscheme/fysico-chemische-eigenschap,http://www.eionet.europa.eu/gemet/concept/1322|http://www.eionet.europa.eu/gemet/concept/6229,null,null,null,null,null,null,null,null
https://data.omgeving.vlaanderen.be/id/concept/fysico-chemisch/297,http://www.w3.org/2004/02/skos/core#Concept,https://data.omgeving.vlaanderen.be/id/conceptscheme/fysico-chemische-eigenschap,null,Reliëf - microreliëf,null,https://data.omgeving.vlaanderen.be/id/conceptscheme/fysico-chemische-eigenschap,http://www.eionet.europa.eu/gemet/concept/1322|http://www.eionet.europa.eu/gemet/concept/6229,null,null,null,null,null,null,null,null
https://data.omgeving.vlaanderen.be/id/concept/fysico-chemisch/298,http://www.w3.org/2004/02/skos/core#Concept,https://data.omgeving.vlaanderen.be/id/conceptscheme/fysico-chemische-eigenschap,null,Reliëf - positie op de helling,null,https://data.omgeving.vlaanderen.be/id/conceptscheme/fysico-chemische-eigenschap,http://www.eionet.europa.eu/gemet/concept/1322|http://www.eionet.europa.eu/gemet/concept/6229,null,null,null,null,null,null,null,null
https://data.omgeving.vlaanderen.be/id/concept/fysico-chemisch/299,http://www.w3.org/2004/02/skos/core#Concept,https://data.omgeving.vlaanderen.be/id/conceptscheme/fysico-chemische-eigenschap,null,Reliëf - situering,null,https://data.omgeving.vlaanderen.be/id/conceptscheme/fysico-chemische-eigenschap,http://www.eionet.europa.eu/gemet/concept/1322|http://www.eionet.europa.eu/gemet/concept/6229,null,null,null,null,null,null,null,null
https://data.omgeving.vlaanderen.be/id/concept/fysico-chemisch/3,http://www.w3.org/2004/02/skos/core#Concept,https://data.omgeving.vlaanderen.be/id/conceptscheme/fysico-chemische-eigenschap,null,Kwaliteits Index,QI,https://data.omgeving.vlaanderen.be/id/conceptscheme/fysico-chemische-eigenschap,http://www.eionet.europa.eu/gemet/concept/1322|http://www.eionet.europa.eu/gemet/concept/6229,null,null,null,null,null,null,null,null
https://data.omgeving.vlaanderen.be/id/concept/fysico-chemisch/30,http://www.w3.org/2004/02/skos/core#Concept,https://data.omgeving.vlaanderen.be/id/conceptscheme/fysico-chemische-eigenschap,null,Temperatuur,T,https://data.omgeving.vlaanderen.be/id/conceptscheme/fysico-chemische-eigenschap,http://www.eionet.europa.eu/gemet/concept/1322|http://www.eionet.europa.eu/gemet/concept/6229,null,null,null,null,null,null,null,null
https://data.omgeving.vlaanderen.be/id/concept/fysico-chemisch/300,http://www.w3.org/2004/02/skos/core#Concept,https://data.omgeving.vlaanderen.be/id/conceptscheme/fysico-chemische-eigenschap,null,Reliëf - type helling,null,https://data.omgeving.vlaanderen.be/id/conceptscheme/fysico-chemische-eigenschap,http://www.eionet.europa.eu/gemet/concept/1322|http://www.eionet.europa.eu/gemet/concept/6229,null,null,null,null,null,null,null,null
https://data.omgeving.vlaanderen.be/id/concept/fysico-chemisch/301,http://www.w3.org/2004/02/skos/core#Concept,https://data.omgeving.vlaanderen.be/id/conceptscheme/fysico-chemische-eigenschap,null,Reliëf - vorm van de helling,null,https://data.omgeving.vlaanderen.be/id/conceptscheme/fysico-chemische-eigenschap,http://www.eionet.europa.eu/gemet/concept/1322|http://www.eionet.europa.eu/gemet/concept/6229,null,null,null,null,null,null,null,null
https://data.omgeving.vlaanderen.be/id/concept/fysico-chemisch/302,http://www.w3.org/2004/02/skos/core#Concept,https://data.omgeving.vlaanderen.be/id/conceptscheme/fysico-chemische-eigenschap,null,Roest - kleur omschrijving,null,https://data.omgeving.vlaanderen.be/id/conceptscheme/fysico-chemische-eigenschap,http://www.eionet.europa.eu/gemet/concept/1322|http://www.eionet.europa.eu/gemet/concept/6229,null,null,null,null,null,null,null,null
https://data.omgeving.vlaanderen.be/id/concept/fysico-chemisch/303,http://www.w3.org/2004/02/skos/core#Concept,https://data.omgeving.vlaanderen.be/id/conceptscheme/fysico-chemische-eigenschap,null,Samendrukkingsproef,null,https://data.omgeving.vlaanderen.be/id/conceptscheme/fysico-chemische-eigenschap,http://www.eionet.europa.eu/gemet/concept/1322|http://www.eionet.europa.eu/gemet/concept/6229,null,null,null,null,null,null,null,null
https://data.omgeving.vlaanderen.be/id/concept/fysico-chemisch/304,http://www.w3.org/2004/02/skos/core#Concept,https://data.omgeving.vlaanderen.be/id/conceptscheme/fysico-chemische-eigenschap,null,Saturatie-index,null,https://data.omgeving.vlaanderen.be/id/conceptscheme/fysico-chemische-eigenschap,http://www.eionet.europa.eu/gemet/concept/1322|http://www.eionet.europa.eu/gemet/concept/6229,null,null,null,null,null,null,null,null
https://data.omgeving.vlaanderen.be/id/concept/fysico-chemisch/305,http://www.w3.org/2004/02/skos/core#Concept,https://data.omgeving.vlaanderen.be/id/conceptscheme/fysico-chemische-eigenschap,null,Schuifweerstandskarakteristieken,null,https://data.omgeving.vlaanderen.be/id/conceptscheme/fysico-chemische-eigenschap,http://www.eionet.europa.eu/gemet/concept/1322|http://www.eionet.europa.eu/gemet/concept/6229,null,null,null,null,null,null,null,null
https://data.omgeving.vlaanderen.be/id/concept/fysico-chemisch/306,http://www.w3.org/2004/02/skos/core#Concept,https://data.omgeving.vlaanderen.be/id/conceptscheme/fysico-chemische-eigenschap,null,Schuifweerstandskarakteristieken Consolidated Drained,null,https://data.omgeving.vlaanderen.be/id/conceptscheme/fysico-chemische-eigenschap,http://www.eionet.europa.eu/gemet/concept/1322|http://www.eionet.europa.eu/gemet/concept/6229,null,null,null,null,null,null,null,null
https://data.omgeving.vlaanderen.be/id/concept/fysico-chemisch/307,http://www.w3.org/2004/02/skos/core#Concept,https://data.omgeving.vlaanderen.be/id/conceptscheme/fysico-chemische-eigenschap,null,Schuifweerstandskarakteristieken Consolidated Undrained,null,https://data.omgeving.vlaanderen.be/id/conceptscheme/fysico-chemische-eigenschap,http://www.eionet.europa.eu/gemet/concept/1322|http://www.eionet.europa.eu/gemet/concept/6229,null,null,null,null,null,null,null,null
https://data.omgeving.vlaanderen.be/id/concept/fysico-chemisch/308,http://www.w3.org/2004/02/skos/core#Concept,https://data.omgeving.vlaanderen.be/id/conceptscheme/fysico-chemische-eigenschap,null,Schuifweerstandskarakteristieken Unconsolidated Undrained,null,https://data.omgeving.vlaanderen.be/id/conceptscheme/fysico-chemische-eigenschap,http://www.eionet.europa.eu/gemet/concept/1322|http://www.eionet.europa.eu/gemet/concept/6229,null,null,null,null,null,null,null,null
https://data.omgeving.vlaanderen.be/id/concept/fysico-chemisch/309,http://www.w3.org/2004/02/skos/core#Concept,https://data.omgeving.vlaanderen.be/id/conceptscheme/fysico-chemische-eigenschap,null,Specificatie van antropogeen materiaal,null,https://data.omgeving.vlaanderen.be/id/conceptscheme/fysico-chemische-eigenschap,http://www.eionet.europa.eu/gemet/concept/1322|http://www.eionet.europa.eu/gemet/concept/6229,null,null,null,null,null,null,null,null
https://data.omgeving.vlaanderen.be/id/concept/fysico-chemisch/31,http://www.w3.org/2004/02/skos/core#Concept,https://data.omgeving.vlaanderen.be/id/conceptscheme/fysico-chemische-eigenschap,null,Troebelheid,Turb.,https://data.omgeving.vlaanderen.be/id/conceptscheme/fysico-chemische-eigenschap,http://www.eionet.europa.eu/gemet/concept/1322|http://www.eionet.europa.eu/gemet/concept/6229,null,null,null,null,null,Turbiditeit,null,null
https://data.omgeving.vlaanderen.be/id/concept/fysico-chemisch/310,http://www.w3.org/2004/02/skos/core#Concept,https://data.omgeving.vlaanderen.be/id/conceptscheme/fysico-chemische-eigenschap,null,Standaard proctorproef,null,https://data.omgeving.vlaanderen.be/id/conceptscheme/fysico-chemische-eigenschap,http://www.eionet.europa.eu/gemet/concept/1322|http://www.eionet.europa.eu/gemet/concept/6229,null,null,null,null,null,null,null,null
https://data.omgeving.vlaanderen.be/id/concept/fysico-chemisch/311,http://www.w3.org/2004/02/skos/core#Concept,https://data.omgeving.vlaanderen.be/id/conceptscheme/fysico-chemische-eigenschap,null,Stenen,null,https://data.omgeving.vlaanderen.be/id/conceptscheme/fysico-chemische-eigenschap,http://www.eionet.europa.eu/gemet/concept/1322|http://www.eionet.europa.eu/gemet/concept/6229,null,null,null,null,null,null,null,null
https://data.omgeving.vlaanderen.be/id/concept/fysico-chemisch/312,http://www.w3.org/2004/02/skos/core#Concept,https://data.omgeving.vlaanderen.be/id/conceptscheme/fysico-chemische-eigenschap,null,Techniek van de boring,null,https://data.omgeving.vlaanderen.be/id/conceptscheme/fysico-chemische-eigenschap,http://www.eionet.europa.eu/gemet/concept/1322|http://www.eionet.europa.eu/gemet/concept/6229,null,null,null,null,null,null,null,null
https://data.omgeving.vlaanderen.be/id/concept/fysico-chemisch/313,http://www.w3.org/2004/02/skos/core#Concept,https://data.omgeving.vlaanderen.be/id/conceptscheme/fysico-chemische-eigenschap,null,Temperatuur correctie,null,https://data.omgeving.vlaanderen.be/id/conceptscheme/fysico-chemische-eigenschap,http://www.eionet.europa.eu/gemet/concept/1322|http://www.eionet.europa.eu/gemet/concept/6229,null,null,null,null,null,null,null,null
https://data.omgeving.vlaanderen.be/id/concept/fysico-chemisch/314,http://www.w3.org/2004/02/skos/core#Concept,https://data.omgeving.vlaanderen.be/id/conceptscheme/fysico-chemische-eigenschap,null,Type van de boring,null,https://data.omgeving.vlaanderen.be/id/conceptscheme/fysico-chemische-eigenschap,http://www.eionet.europa.eu/gemet/concept/1322|http://www.eionet.europa.eu/gemet/concept/6229,null,null,null,null,null,null,null,null
https://data.omgeving.vlaanderen.be/id/concept/fysico-chemisch/315,http://www.w3.org/2004/02/skos/core#Concept,https://data.omgeving.vlaanderen.be/id/conceptscheme/fysico-chemische-eigenschap,null,Vegetatie,null,https://data.omgeving.vlaanderen.be/id/conceptscheme/fysico-chemische-eigenschap,http://www.eionet.europa.eu/gemet/concept/1322|http://www.eionet.europa.eu/gemet/concept/6229,null,null,null,null,null,null,null,null
https://data.omgeving.vlaanderen.be/id/concept/fysico-chemisch/316,http://www.w3.org/2004/02/skos/core#Concept,https://data.omgeving.vlaanderen.be/id/conceptscheme/fysico-chemische-eigenschap,null,Versterkte proctorproef,null,https://data.omgeving.vlaanderen.be/id/conceptscheme/fysico-chemische-eigenschap,http://www.eionet.europa.eu/gemet/concept/1322|http://www.eionet.europa.eu/gemet/concept/6229,null,null,null,null,null,null,null,null
https://data.omgeving.vlaanderen.be/id/concept/fysico-chemisch/317,http://www.w3.org/2004/02/skos/core#Concept,https://data.omgeving.vlaanderen.be/id/conceptscheme/fysico-chemische-eigenschap,null,Vinproef,null,https://data.omgeving.vlaanderen.be/id/conceptscheme/fysico-chemische-eigenschap,http://www.eionet.europa.eu/gemet/concept/1322|http://www.eionet.europa.eu/gemet/concept/6229,null,null,null,null,null,null,null,null
https://data.omgeving.vlaanderen.be/id/concept/fysico-chemisch/318,http://www.w3.org/2004/02/skos/core#Concept,https://data.omgeving.vlaanderen.be/id/conceptscheme/fysico-chemische-eigenschap,null,Vochtgehalte gradatie,null,https://data.omgeving.vlaanderen.be/id/conceptscheme/fysico-chemische-eigenschap,http://www.eionet.europa.eu/gemet/concept/1322|http://www.eionet.europa.eu/gemet/concept/6229,null,null,null,null,null,null,null,null
https://data.omgeving.vlaanderen.be/id/concept/fysico-chemisch/319,http://www.w3.org/2004/02/skos/core#Concept,https://data.omgeving.vlaanderen.be/id/conceptscheme/fysico-chemische-eigenschap,null,Watertafel aanwezig binnen profielput of boring,null,https://data.omgeving.vlaanderen.be/id/conceptscheme/fysico-chemische-eigenschap,http://www.eionet.europa.eu/gemet/concept/1322|http://www.eionet.europa.eu/gemet/concept/6229,null,null,null,null,null,null,null,null
https://data.omgeving.vlaanderen.be/id/concept/fysico-chemisch/32,http://www.w3.org/2004/02/skos/core#Concept,https://data.omgeving.vlaanderen.be/id/conceptscheme/fysico-chemische-eigenschap,null,"Turbiditeit, postsedimentair",Turb. ps,https://data.omgeving.vlaanderen.be/id/conceptscheme/fysico-chemische-eigenschap,http://www.eionet.europa.eu/gemet/concept/1322|http://www.eionet.europa.eu/gemet/concept/6229,null,null,null,null,null,null,null,null
https://data.omgeving.vlaanderen.be/id/concept/fysico-chemisch/320,http://www.w3.org/2004/02/skos/core#Concept,https://data.omgeving.vlaanderen.be/id/conceptscheme/fysico-chemische-eigenschap,null,Wetland,null,https://data.omgeving.vlaanderen.be/id/conceptscheme/fysico-chemische-eigenschap,http://www.eionet.europa.eu/gemet/concept/1322|http://www.eionet.europa.eu/gemet/concept/6229,null,null,null,null,null,null,null,null
https://data.omgeving.vlaanderen.be/id/concept/fysico-chemisch/321,http://www.w3.org/2004/02/skos/core#Concept,https://data.omgeving.vlaanderen.be/id/conceptscheme/fysico-chemische-eigenschap,null,Zwelproef,null,https://data.omgeving.vlaanderen.be/id/conceptscheme/fysico-chemische-eigenschap,http://www.eionet.europa.eu/gemet/concept/1322|http://www.eionet.europa.eu/gemet/concept/6229,null,null,null,null,null,null,null,null
https://data.omgeving.vlaanderen.be/id/concept/fysico-chemisch/322,http://www.w3.org/2004/02/skos/core#Concept,https://data.omgeving.vlaanderen.be/id/conceptscheme/fysico-chemische-eigenschap,null,Elektrische geleidbaarheid,null,https://data.omgeving.vlaanderen.be/id/conceptscheme/fysico-chemische-eigenschap,http://www.eionet.europa.eu/gemet/concept/1322|http://www.eionet.europa.eu/gemet/concept/6229,null,null,https://data.omgeving.vlaanderen.be/id/concept/fysico-chemisch/104|https://data.omgeving.vlaanderen.be/id/concept/fysico-chemisch/105|https://data.omgeving.vlaanderen.be/id/concept/fysico-chemisch/10|https://data.omgeving.vlaanderen.be/id/concept/fysico-chemisch/112|https://data.omgeving.vlaanderen.be/id/concept/fysico-chemisch/57|https://data.omgeving.vlaanderen.be/id/concept/fysico-chemisch/9,https://data.omgeving.vlaanderen.be/id/concept/fysico-chemisch/104|https://data.omgeving.vlaanderen.be/id/concept/fysico-chemisch/105|https://data.omgeving.vlaanderen.be/id/concept/fysico-chemisch/10|https://data.omgeving.vlaanderen.be/id/concept/fysico-chemisch/112|https://data.omgeving.vlaanderen.be/id/concept/fysico-chemisch/57|https://data.omgeving.vlaanderen.be/id/concept/fysico-chemisch/9,https://data.omgeving.vlaanderen.be/id/concept/fysico-chemisch/104|https://data.omgeving.vlaanderen.be/id/concept/fysico-chemisch/105|https://data.omgeving.vlaanderen.be/id/concept/fysico-chemisch/10|https://data.omgeving.vlaanderen.be/id/concept/fysico-chemisch/112|https://data.omgeving.vlaanderen.be/id/concept/fysico-chemisch/57|https://data.omgeving.vlaanderen.be/id/concept/fysico-chemisch/9,null,null,null
https://data.omgeving.vlaanderen.be/id/concept/fysico-chemisch/324,http://www.w3.org/2004/02/skos/core#Concept,https://data.omgeving.vlaanderen.be/id/conceptscheme/fysico-chemische-eigenschap,null,Secchi-diepte,null,https://data.omgeving.vlaanderen.be/id/conceptscheme/fysico-chemische-eigenschap,http://www.eionet.europa.eu/gemet/concept/1322|http://www.eionet.europa.eu/gemet/concept/6229,null,null,null,null,null,null,null,null
https://data.omgeving.vlaanderen.be/id/concept/fysico-chemisch/325,http://www.w3.org/2004/02/skos/core#Concept,https://data.omgeving.vlaanderen.be/id/conceptscheme/fysico-chemische-eigenschap,null,Waterdiepte van secchi-bepaling,null,https://data.omgeving.vlaanderen.be/id/conceptscheme/fysico-chemische-eigenschap,http://www.eionet.europa.eu/gemet/concept/1322|http://www.eionet.europa.eu/gemet/concept/6229,null,null,null,null,null,null,null,null
https://data.omgeving.vlaanderen.be/id/concept/fysico-chemisch/326,http://www.w3.org/2004/02/skos/core#Concept,https://data.omgeving.vlaanderen.be/id/conceptscheme/fysico-chemische-eigenschap,null,Zwevende stoffen (105°C),null,https://data.omgeving.vlaanderen.be/id/conceptscheme/fysico-chemische-eigenschap,http://www.eionet.europa.eu/gemet/concept/1322|http://www.eionet.europa.eu/gemet/concept/6229,null,null,null,null,null,null,null,null
https://data.omgeving.vlaanderen.be/id/concept/fysico-chemisch/327,http://www.w3.org/2004/02/skos/core#Concept,https://data.omgeving.vlaanderen.be/id/conceptscheme/fysico-chemische-eigenschap,null,Zwevende stoffen (550°C),null,https://data.omgeving.vlaanderen.be/id/conceptscheme/fysico-chemische-eigenschap,http://www.eionet.europa.eu/gemet/concept/1322|http://www.eionet.europa.eu/gemet/concept/6229,null,null,null,null,null,null,null,null
https://data.omgeving.vlaanderen.be/id/concept/fysico-chemisch/328,http://www.w3.org/2004/02/skos/core#Concept,https://data.omgeving.vlaanderen.be/id/conceptscheme/fysico-chemische-eigenschap,null,Waterdampgehalte,null,https://data.omgeving.vlaanderen.be/id/conceptscheme/fysico-chemische-eigenschap,http://www.eionet.europa.eu/gemet/concept/1322|http://www.eionet.europa.eu/gemet/concept/6229,null,null,null,null,null,null,null,null
https://data.omgeving.vlaanderen.be/id/concept/fysico-chemisch/329,http://www.w3.org/2004/02/skos/core#Concept,https://data.omgeving.vlaanderen.be/id/conceptscheme/fysico-chemische-eigenschap,null,Druk,null,https://data.omgeving.vlaanderen.be/id/conceptscheme/fysico-chemische-eigenschap,http://www.eionet.europa.eu/gemet/concept/1322|http://www.eionet.europa.eu/gemet/concept/6229,null,null,null,null,null,null,null,null
https://data.omgeving.vlaanderen.be/id/concept/fysico-chemisch/33,http://www.w3.org/2004/02/skos/core#Concept,https://data.omgeving.vlaanderen.be/id/conceptscheme/fysico-chemische-eigenschap,null,Vlampunt,VP,https://data.omgeving.vlaanderen.be/id/conceptscheme/fysico-chemische-eigenschap,http://www.eionet.europa.eu/gemet/concept/1322|http://www.eionet.europa.eu/gemet/concept/6229,null,null,null,null,null,null,null,null
https://data.omgeving.vlaanderen.be/id/concept/fysico-chemisch/330,http://www.w3.org/2004/02/skos/core#Concept,https://data.omgeving.vlaanderen.be/id/conceptscheme/fysico-chemische-eigenschap,null,Geologische aard,null,https://data.omgeving.vlaanderen.be/id/conceptscheme/fysico-chemische-eigenschap,http://www.eionet.europa.eu/gemet/concept/1322|http://www.eionet.europa.eu/gemet/concept/6229,null,null,https://data.omgeving.vlaanderen.be/id/concept/fysico-chemisch/222|https://data.omgeving.vlaanderen.be/id/concept/fysico-chemisch/223|https://data.omgeving.vlaanderen.be/id/concept/fysico-chemisch/224|https://data.omgeving.vlaanderen.be/id/concept/fysico-chemisch/225|https://data.omgeving.vlaanderen.be/id/concept/fysico-chemisch/226|https://data.omgeving.vlaanderen.be/id/concept/fysico-chemisch/227|https://data.omgeving.vlaanderen.be/id/concept/fysico-chemisch/228|https://data.omgeving.vlaanderen.be/id/concept/fysico-chemisch/229|https://data.omgeving.vlaanderen.be/id/concept/fysico-chemisch/230|https://data.omgeving.vlaanderen.be/id/concept/fysico-chemisch/231|https://data.omgeving.vlaanderen.be/id/concept/fysico-chemisch/232|https://data.omgeving.vlaanderen.be/id/concept/fysico-chemisch/233|https://data.omgeving.vlaanderen.be/id/concept/fysico-chemisch/234|https://data.omgeving.vlaanderen.be/id/concept/fysico-chemisch/235|https://data.omgeving.vlaanderen.be/id/concept/fysico-chemisch/236|https://data.omgeving.vlaanderen.be/id/concept/fysico-chemisch/237|https://data.omgeving.vlaanderen.be/id/concept/fysico-chemisch/238|https://data.omgeving.vlaanderen.be/id/concept/fysico-chemisch/239|https://data.omgeving.vlaanderen.be/id/concept/fysico-chemisch/240|https://data.omgeving.vlaanderen.be/id/concept/fysico-chemisch/241|https://data.omgeving.vlaanderen.be/id/concept/fysico-chemisch/242|https://data.omgeving.vlaanderen.be/id/concept/fysico-chemisch/243|https://data.omgeving.vlaanderen.be/id/concept/fysico-chemisch/244|https://data.omgeving.vlaanderen.be/id/concept/fysico-chemisch/245|https://data.omgeving.vlaanderen.be/id/concept/fysico-chemisch/246|https://data.omgeving.vlaanderen.be/id/concept/fysico-chemisch/247,https://data.omgeving.vlaanderen.be/id/concept/fysico-chemisch/222|https://data.omgeving.vlaanderen.be/id/concept/fysico-chemisch/223|https://data.omgeving.vlaanderen.be/id/concept/fysico-chemisch/224|https://data.omgeving.vlaanderen.be/id/concept/fysico-chemisch/225|https://data.omgeving.vlaanderen.be/id/concept/fysico-chemisch/226|https://data.omgeving.vlaanderen.be/id/concept/fysico-chemisch/227|https://data.omgeving.vlaanderen.be/id/concept/fysico-chemisch/228|https://data.omgeving.vlaanderen.be/id/concept/fysico-chemisch/229|https://data.omgeving.vlaanderen.be/id/concept/fysico-chemisch/230|https://data.omgeving.vlaanderen.be/id/concept/fysico-chemisch/231|https://data.omgeving.vlaanderen.be/id/concept/fysico-chemisch/232|https://data.omgeving.vlaanderen.be/id/concept/fysico-chemisch/233|https://data.omgeving.vlaanderen.be/id/concept/fysico-chemisch/234|https://data.omgeving.vlaanderen.be/id/concept/fysico-chemisch/235|https://data.omgeving.vlaanderen.be/id/concept/fysico-chemisch/236|https://data.omgeving.vlaanderen.be/id/concept/fysico-chemisch/237|https://data.omgeving.vlaanderen.be/id/concept/fysico-chemisch/238|https://data.omgeving.vlaanderen.be/id/concept/fysico-chemisch/239|https://data.omgeving.vlaanderen.be/id/concept/fysico-chemisch/240|https://data.omgeving.vlaanderen.be/id/concept/fysico-chemisch/241|https://data.omgeving.vlaanderen.be/id/concept/fysico-chemisch/242|https://data.omgeving.vlaanderen.be/id/concept/fysico-chemisch/243|https://data.omgeving.vlaanderen.be/id/concept/fysico-chemisch/244|https://data.omgeving.vlaanderen.be/id/concept/fysico-chemisch/245|https://data.omgeving.vlaanderen.be/id/concept/fysico-chemisch/246|https://data.omgeving.vlaanderen.be/id/concept/fysico-chemisch/247,https://data.omgeving.vlaanderen.be/id/concept/fysico-chemisch/222|https://data.omgeving.vlaanderen.be/id/concept/fysico-chemisch/223|https://data.omgeving.vlaanderen.be/id/concept/fysico-chemisch/224|https://data.omgeving.vlaanderen.be/id/concept/fysico-chemisch/225|https://data.omgeving.vlaanderen.be/id/concept/fysico-chemisch/226|https://data.omgeving.vlaanderen.be/id/concept/fysico-chemisch/227|https://data.omgeving.vlaanderen.be/id/concept/fysico-chemisch/228|https://data.omgeving.vlaanderen.be/id/concept/fysico-chemisch/229|https://data.omgeving.vlaanderen.be/id/concept/fysico-chemisch/230|https://data.omgeving.vlaanderen.be/id/concept/fysico-chemisch/231|https://data.omgeving.vlaanderen.be/id/concept/fysico-chemisch/232|https://data.omgeving.vlaanderen.be/id/concept/fysico-chemisch/233|https://data.omgeving.vlaanderen.be/id/concept/fysico-chemisch/234|https://data.omgeving.vlaanderen.be/id/concept/fysico-chemisch/235|https://data.omgeving.vlaanderen.be/id/concept/fysico-chemisch/236|https://data.omgeving.vlaanderen.be/id/concept/fysico-chemisch/237|https://data.omgeving.vlaanderen.be/id/concept/fysico-chemisch/238|https://data.omgeving.vlaanderen.be/id/concept/fysico-chemisch/239|https://data.omgeving.vlaanderen.be/id/concept/fysico-chemisch/240|https://data.omgeving.vlaanderen.be/id/concept/fysico-chemisch/241|https://data.omgeving.vlaanderen.be/id/concept/fysico-chemisch/242|https://data.omgeving.vlaanderen.be/id/concept/fysico-chemisch/243|https://data.omgeving.vlaanderen.be/id/concept/fysico-chemisch/244|https://data.omgeving.vlaanderen.be/id/concept/fysico-chemisch/245|https://data.omgeving.vlaanderen.be/id/concept/fysico-chemisch/246|https://data.omgeving.vlaanderen.be/id/concept/fysico-chemisch/247,null,null,null
https://data.omgeving.vlaanderen.be/id/concept/fysico-chemisch/331,http://www.w3.org/2004/02/skos/core#Concept,https://data.omgeving.vlaanderen.be/id/conceptscheme/fysico-chemische-eigenschap,null,Korrelgrootte,null,https://data.omgeving.vlaanderen.be/id/conceptscheme/fysico-chemische-eigenschap,http://www.eionet.europa.eu/gemet/concept/1322|http://www.eionet.europa.eu/gemet/concept/6229,null,null,https://data.omgeving.vlaanderen.be/id/concept/fysico-chemisch/106|https://data.omgeving.vlaanderen.be/id/concept/fysico-chemisch/107|https://data.omgeving.vlaanderen.be/id/concept/fysico-chemisch/108|https://data.omgeving.vlaanderen.be/id/concept/fysico-chemisch/109|https://data.omgeving.vlaanderen.be/id/concept/fysico-chemisch/110|https://data.omgeving.vlaanderen.be/id/concept/fysico-chemisch/114|https://data.omgeving.vlaanderen.be/id/concept/fysico-chemisch/19|https://data.omgeving.vlaanderen.be/id/concept/fysico-chemisch/20|https://data.omgeving.vlaanderen.be/id/concept/fysico-chemisch/21|https://data.omgeving.vlaanderen.be/id/concept/fysico-chemisch/22|https://data.omgeving.vlaanderen.be/id/concept/fysico-chemisch/48|https://data.omgeving.vlaanderen.be/id/concept/fysico-chemisch/54|https://data.omgeving.vlaanderen.be/id/concept/fysico-chemisch/55|https://data.omgeving.vlaanderen.be/id/concept/fysico-chemisch/56|https://data.omgeving.vlaanderen.be/id/concept/fysico-chemisch/59|https://data.omgeving.vlaanderen.be/id/concept/fysico-chemisch/60|https://data.omgeving.vlaanderen.be/id/concept/fysico-chemisch/61|https://data.omgeving.vlaanderen.be/id/concept/fysico-chemisch/153|https://data.omgeving.vlaanderen.be/id/concept/fysico-chemisch/154|https://data.omgeving.vlaanderen.be/id/concept/fysico-chemisch/155|https://data.omgeving.vlaanderen.be/id/concept/fysico-chemisch/156|https://data.omgeving.vlaanderen.be/id/concept/fysico-chemisch/157|https://data.omgeving.vlaanderen.be/id/concept/fysico-chemisch/158|https://data.omgeving.vlaanderen.be/id/concept/fysico-chemisch/159|https://data.omgeving.vlaanderen.be/id/concept/fysico-chemisch/160|https://data.omgeving.vlaanderen.be/id/concept/fysico-chemisch/161|https://data.omgeving.vlaanderen.be/id/concept/fysico-chemisch/162|https://data.omgeving.vlaanderen.be/id/concept/fysico-chemisch/163|https://data.omgeving.vlaanderen.be/id/concept/fysico-chemisch/164|https://data.omgeving.vlaanderen.be/id/concept/fysico-chemisch/165,https://data.omgeving.vlaanderen.be/id/concept/fysico-chemisch/106|https://data.omgeving.vlaanderen.be/id/concept/fysico-chemisch/107|https://data.omgeving.vlaanderen.be/id/concept/fysico-chemisch/108|https://data.omgeving.vlaanderen.be/id/concept/fysico-chemisch/109|https://data.omgeving.vlaanderen.be/id/concept/fysico-chemisch/110|https://data.omgeving.vlaanderen.be/id/concept/fysico-chemisch/114|https://data.omgeving.vlaanderen.be/id/concept/fysico-chemisch/19|https://data.omgeving.vlaanderen.be/id/concept/fysico-chemisch/20|https://data.omgeving.vlaanderen.be/id/concept/fysico-chemisch/21|https://data.omgeving.vlaanderen.be/id/concept/fysico-chemisch/22|https://data.omgeving.vlaanderen.be/id/concept/fysico-chemisch/48|https://data.omgeving.vlaanderen.be/id/concept/fysico-chemisch/54|https://data.omgeving.vlaanderen.be/id/concept/fysico-chemisch/55|https://data.omgeving.vlaanderen.be/id/concept/fysico-chemisch/56|https://data.omgeving.vlaanderen.be/id/concept/fysico-chemisch/59|https://data.omgeving.vlaanderen.be/id/concept/fysico-chemisch/60|https://data.omgeving.vlaanderen.be/id/concept/fysico-chemisch/61|https://data.omgeving.vlaanderen.be/id/concept/fysico-chemisch/153|https://data.omgeving.vlaanderen.be/id/concept/fysico-chemisch/154|https://data.omgeving.vlaanderen.be/id/concept/fysico-chemisch/155|https://data.omgeving.vlaanderen.be/id/concept/fysico-chemisch/156|https://data.omgeving.vlaanderen.be/id/concept/fysico-chemisch/157|https://data.omgeving.vlaanderen.be/id/concept/fysico-chemisch/158|https://data.omgeving.vlaanderen.be/id/concept/fysico-chemisch/159|https://data.omgeving.vlaanderen.be/id/concept/fysico-chemisch/160|https://data.omgeving.vlaanderen.be/id/concept/fysico-chemisch/161|https://data.omgeving.vlaanderen.be/id/concept/fysico-chemisch/162|https://data.omgeving.vlaanderen.be/id/concept/fysico-chemisch/163|https://data.omgeving.vlaanderen.be/id/concept/fysico-chemisch/164|https://data.omgeving.vlaanderen.be/id/concept/fysico-chemisch/165,https://data.omgeving.vlaanderen.be/id/concept/fysico-chemisch/106|https://data.omgeving.vlaanderen.be/id/concept/fysico-chemisch/107|https://data.omgeving.vlaanderen.be/id/concept/fysico-chemisch/108|https://data.omgeving.vlaanderen.be/id/concept/fysico-chemisch/109|https://data.omgeving.vlaanderen.be/id/concept/fysico-chemisch/110|https://data.omgeving.vlaanderen.be/id/concept/fysico-chemisch/114|https://data.omgeving.vlaanderen.be/id/concept/fysico-chemisch/19|https://data.omgeving.vlaanderen.be/id/concept/fysico-chemisch/20|https://data.omgeving.vlaanderen.be/id/concept/fysico-chemisch/21|https://data.omgeving.vlaanderen.be/id/concept/fysico-chemisch/22|https://data.omgeving.vlaanderen.be/id/concept/fysico-chemisch/48|https://data.omgeving.vlaanderen.be/id/concept/fysico-chemisch/54|https://data.omgeving.vlaanderen.be/id/concept/fysico-chemisch/55|https://data.omgeving.vlaanderen.be/id/concept/fysico-chemisch/56|https://data.omgeving.vlaanderen.be/id/concept/fysico-chemisch/59|https://data.omgeving.vlaanderen.be/id/concept/fysico-chemisch/60|https://data.omgeving.vlaanderen.be/id/concept/fysico-chemisch/61|https://data.omgeving.vlaanderen.be/id/concept/fysico-chemisch/153|https://data.omgeving.vlaanderen.be/id/concept/fysico-chemisch/154|https://data.omgeving.vlaanderen.be/id/concept/fysico-chemisch/155|https://data.omgeving.vlaanderen.be/id/concept/fysico-chemisch/156|https://data.omgeving.vlaanderen.be/id/concept/fysico-chemisch/157|https://data.omgeving.vlaanderen.be/id/concept/fysico-chemisch/158|https://data.omgeving.vlaanderen.be/id/concept/fysico-chemisch/159|https://data.omgeving.vlaanderen.be/id/concept/fysico-chemisch/160|https://data.omgeving.vlaanderen.be/id/concept/fysico-chemisch/161|https://data.omgeving.vlaanderen.be/id/concept/fysico-chemisch/162|https://data.omgeving.vlaanderen.be/id/concept/fysico-chemisch/163|https://data.omgeving.vlaanderen.be/id/concept/fysico-chemisch/164|https://data.omgeving.vlaanderen.be/id/concept/fysico-chemisch/165,null,null,null
https://data.omgeving.vlaanderen.be/id/concept/fysico-chemisch/36,http://www.w3.org/2004/02/skos/core#Concept,https://data.omgeving.vlaanderen.be/id/conceptscheme/fysico-chemische-eigenschap,null,Watergehalte,Water,https://data.omgeving.vlaanderen.be/id/conceptscheme/fysico-chemische-eigenschap,http://www.eionet.europa.eu/gemet/concept/1322|http://www.eionet.europa.eu/gemet/concept/6229,null,null,null,null,null,null,null,null
https://data.omgeving.vlaanderen.be/id/concept/fysico-chemisch/37,http://www.w3.org/2004/02/skos/core#Concept,https://data.omgeving.vlaanderen.be/id/conceptscheme/fysico-chemische-eigenschap,null,"Zwevende stoffen, afmeting",ZS afm.,https://data.omgeving.vlaanderen.be/id/conceptscheme/fysico-chemische-eigenschap,http://www.eionet.europa.eu/gemet/concept/1322|http://www.eionet.europa.eu/gemet/concept/6229,null,null,null,null,null,null,null,null
https://data.omgeving.vlaanderen.be/id/concept/fysico-chemisch/38,http://www.w3.org/2004/02/skos/core#Concept,https://data.omgeving.vlaanderen.be/id/conceptscheme/fysico-chemische-eigenschap,null,Aantal systematische eenheden,nSE,https://data.omgeving.vlaanderen.be/id/conceptscheme/fysico-chemische-eigenschap,http://www.eionet.europa.eu/gemet/concept/1322|http://www.eionet.europa.eu/gemet/concept/6229,null,null,null,null,null,null,null,null
https://data.omgeving.vlaanderen.be/id/concept/fysico-chemisch/39,http://www.w3.org/2004/02/skos/core#Concept,https://data.omgeving.vlaanderen.be/id/conceptscheme/fysico-chemische-eigenschap,null,Biochemisch zuurstofverbruik na 5d.,BZV5,https://data.omgeving.vlaanderen.be/id/conceptscheme/fysico-chemische-eigenschap,http://www.eionet.europa.eu/gemet/concept/1322|http://www.eionet.europa.eu/gemet/concept/6229,null,null,null,null,null,null,null,null
https://data.omgeving.vlaanderen.be/id/concept/fysico-chemisch/4,http://www.w3.org/2004/02/skos/core#Concept,https://data.omgeving.vlaanderen.be/id/conceptscheme/fysico-chemische-eigenschap,null,Densiteit,d,https://data.omgeving.vlaanderen.be/id/conceptscheme/fysico-chemische-eigenschap,http://www.eionet.europa.eu/gemet/concept/6229|http://www.eionet.europa.eu/gemet/concept/11116,null,null,null,null,null,null,null,null
https://data.omgeving.vlaanderen.be/id/concept/fysico-chemisch/40,http://www.w3.org/2004/02/skos/core#Concept,https://data.omgeving.vlaanderen.be/id/conceptscheme/fysico-chemische-eigenschap,null,Chemisch zuurstofverbruik,CZV,https://data.omgeving.vlaanderen.be/id/conceptscheme/fysico-chemische-eigenschap,http://www.eionet.europa.eu/gemet/concept/1322|http://www.eionet.europa.eu/gemet/concept/6229,null,null,null,null,null,null,null,null
https://data.omgeving.vlaanderen.be/id/concept/fysico-chemisch/41,http://www.w3.org/2004/02/skos/core#Concept,https://data.omgeving.vlaanderen.be/id/conceptscheme/fysico-chemische-eigenschap,null,"Chemisch zuurstofverbruik, gefiltreerd",CZV f,https://data.omgeving.vlaanderen.be/id/conceptscheme/fysico-chemische-eigenschap,http://www.eionet.europa.eu/gemet/concept/1322|http://www.eionet.europa.eu/gemet/concept/6229,null,null,null,null,null,null,null,null
https://data.omgeving.vlaanderen.be/id/concept/fysico-chemisch/42,http://www.w3.org/2004/02/skos/core#Concept,https://data.omgeving.vlaanderen.be/id/conceptscheme/fysico-chemische-eigenschap,null,Kwaliteit,KW,https://data.omgeving.vlaanderen.be/id/conceptscheme/fysico-chemische-eigenschap,http://www.eionet.europa.eu/gemet/concept/1322|http://www.eionet.europa.eu/gemet/concept/6229,null,null,null,null,null,null,null,null
https://data.omgeving.vlaanderen.be/id/concept/fysico-chemisch/43,http://www.w3.org/2004/02/skos/core#Concept,https://data.omgeving.vlaanderen.be/id/conceptscheme/fysico-chemische-eigenschap,null,"Radioactiviteit, alpha",Alpha,https://data.omgeving.vlaanderen.be/id/conceptscheme/fysico-chemische-eigenschap,http://www.eionet.europa.eu/gemet/concept/1322|http://www.eionet.europa.eu/gemet/concept/6229,null,null,null,null,null,null,null,null
https://data.omgeving.vlaanderen.be/id/concept/fysico-chemisch/44,http://www.w3.org/2004/02/skos/core#Concept,https://data.omgeving.vlaanderen.be/id/conceptscheme/fysico-chemische-eigenschap,null,"Radioactiviteit, beta",Beta,https://data.omgeving.vlaanderen.be/id/conceptscheme/fysico-chemische-eigenschap,http://www.eionet.europa.eu/gemet/concept/1322|http://www.eionet.europa.eu/gemet/concept/6229,null,null,null,null,null,null,null,null
https://data.omgeving.vlaanderen.be/id/concept/fysico-chemisch/45,http://www.w3.org/2004/02/skos/core#Concept,https://data.omgeving.vlaanderen.be/id/conceptscheme/fysico-chemische-eigenschap,null,Dilutie factor,dil.F,https://data.omgeving.vlaanderen.be/id/conceptscheme/fysico-chemische-eigenschap,http://www.eionet.europa.eu/gemet/concept/1322|http://www.eionet.europa.eu/gemet/concept/6229,null,null,null,null,null,null,null,null
https://data.omgeving.vlaanderen.be/id/concept/fysico-chemisch/46,http://www.w3.org/2004/02/skos/core#Concept,https://data.omgeving.vlaanderen.be/id/conceptscheme/fysico-chemische-eigenschap,null,Verrotbaarheid,Rot,https://data.omgeving.vlaanderen.be/id/conceptscheme/fysico-chemische-eigenschap,http://www.eionet.europa.eu/gemet/concept/1322|http://www.eionet.europa.eu/gemet/concept/6229,null,null,null,null,null,null,null,null
https://data.omgeving.vlaanderen.be/id/concept/fysico-chemisch/47,http://www.w3.org/2004/02/skos/core#Concept,https://data.omgeving.vlaanderen.be/id/conceptscheme/fysico-chemische-eigenschap,null,Specifiek oppervlak,Sp.opp.,https://data.omgeving.vlaanderen.be/id/conceptscheme/fysico-chemische-eigenschap,http://www.eionet.europa.eu/gemet/concept/1322|http://www.eionet.europa.eu/gemet/concept/6229,null,null,null,null,null,null,null,null
https://data.omgeving.vlaanderen.be/id/concept/fysico-chemisch/48,http://www.w3.org/2004/02/skos/core#Concept,https://data.omgeving.vlaanderen.be/id/conceptscheme/fysico-chemische-eigenschap,null,"Korrelgrootte distributie <2µm, totaal",Gran<2 bt,null,http://www.eionet.europa.eu/gemet/concept/1322|http://www.eionet.europa.eu/gemet/concept/6229,https://data.omgeving.vlaanderen.be/id/concept/fysico-chemisch/331,https://data.omgeving.vlaanderen.be/id/concept/fysico-chemisch/331,https://data.omgeving.vlaanderen.be/id/concept/fysico-chemisch/331,null,null,null,null,null
https://data.omgeving.vlaanderen.be/id/concept/fysico-chemisch/49,http://www.w3.org/2004/02/skos/core#Concept,https://data.omgeving.vlaanderen.be/id/conceptscheme/fysico-chemische-eigenschap,null,Dagen,Dagen,https://data.omgeving.vlaanderen.be/id/conceptscheme/fysico-chemische-eigenschap,http://www.eionet.europa.eu/gemet/concept/1322|http://www.eionet.europa.eu/gemet/concept/6229,null,null,null,null,null,null,null,null
https://data.omgeving.vlaanderen.be/id/concept/fysico-chemisch/5,http://www.w3.org/2004/02/skos/core#Concept,https://data.omgeving.vlaanderen.be/id/conceptscheme/fysico-chemische-eigenschap,null,Doorzichtigheid,Secchi,https://data.omgeving.vlaanderen.be/id/conceptscheme/fysico-chemische-eigenschap,http://www.eionet.europa.eu/gemet/concept/1322|http://www.eionet.europa.eu/gemet/concept/6229,null,null,null,null,null,null,null,null
https://data.omgeving.vlaanderen.be/id/concept/fysico-chemisch/50,http://www.w3.org/2004/02/skos/core#Concept,https://data.omgeving.vlaanderen.be/id/conceptscheme/fysico-chemische-eigenschap,null,Volume,Vol,https://data.omgeving.vlaanderen.be/id/conceptscheme/fysico-chemische-eigenschap,http://www.eionet.europa.eu/gemet/concept/1322|http://www.eionet.europa.eu/gemet/concept/6229,null,null,null,null,null,null,null,null
https://data.omgeving.vlaanderen.be/id/concept/fysico-chemisch/51,http://www.w3.org/2004/02/skos/core#Concept,https://data.omgeving.vlaanderen.be/id/conceptscheme/fysico-chemische-eigenschap,null,pH (na ontgassen),pH-CO2,null,http://www.eionet.europa.eu/gemet/concept/1322|http://www.eionet.europa.eu/gemet/concept/6229,https://data.omgeving.vlaanderen.be/id/concept/fysico-chemisch/76,https://data.omgeving.vlaanderen.be/id/concept/fysico-chemisch/76,https://data.omgeving.vlaanderen.be/id/concept/fysico-chemisch/76,null,null,null,null,null
https://data.omgeving.vlaanderen.be/id/concept/fysico-chemisch/52,http://www.w3.org/2004/02/skos/core#Concept,https://data.omgeving.vlaanderen.be/id/conceptscheme/fysico-chemische-eigenschap,null,"Radioactiviteit, totaal",Rad.act.,https://data.omgeving.vlaanderen.be/id/conceptscheme/fysico-chemische-eigenschap,http://www.eionet.europa.eu/gemet/concept/1322|http://www.eionet.europa.eu/gemet/concept/6229,null,null,null,null,null,null,null,null
https://data.omgeving.vlaanderen.be/id/concept/fysico-chemisch/53,http://www.w3.org/2004/02/skos/core#Concept,https://data.omgeving.vlaanderen.be/id/conceptscheme/fysico-chemische-eigenschap,null,Debiet,Q,https://data.omgeving.vlaanderen.be/id/conceptscheme/fysico-chemische-eigenschap,http://www.eionet.europa.eu/gemet/concept/1322|http://www.eionet.europa.eu/gemet/concept/6229,null,null,null,null,null,null,null,null
https://data.omgeving.vlaanderen.be/id/concept/fysico-chemisch/54,http://www.w3.org/2004/02/skos/core#Concept,https://data.omgeving.vlaanderen.be/id/conceptscheme/fysico-chemische-eigenschap,null,Korrelgrootte distributie <50µm,Gran<50,null,http://www.eionet.europa.eu/gemet/concept/1322|http://www.eionet.europa.eu/gemet/concept/6229,https://data.omgeving.vlaanderen.be/id/concept/fysico-chemisch/331,https://data.omgeving.vlaanderen.be/id/concept/fysico-chemisch/331,https://data.omgeving.vlaanderen.be/id/concept/fysico-chemisch/331,null,null,null,null,null
https://data.omgeving.vlaanderen.be/id/concept/fysico-chemisch/55,http://www.w3.org/2004/02/skos/core#Concept,https://data.omgeving.vlaanderen.be/id/conceptscheme/fysico-chemische-eigenschap,null,Korrelgrootte distributie >2µm en <63µm,Gran>2<63,null,http://www.eionet.europa.eu/gemet/concept/1322|http://www.eionet.europa.eu/gemet/concept/6229,https://data.omgeving.vlaanderen.be/id/concept/fysico-chemisch/331,https://data.omgeving.vlaanderen.be/id/concept/fysico-chemisch/331,https://data.omgeving.vlaanderen.be/id/concept/fysico-chemisch/331,null,null,null,null,null
https://data.omgeving.vlaanderen.be/id/concept/fysico-chemisch/56,http://www.w3.org/2004/02/skos/core#Concept,https://data.omgeving.vlaanderen.be/id/conceptscheme/fysico-chemische-eigenschap,null,Korrelgrootte distributie >50µm,Gran>50,null,http://www.eionet.europa.eu/gemet/concept/1322|http://www.eionet.europa.eu/gemet/concept/6229,https://data.omgeving.vlaanderen.be/id/concept/fysico-chemisch/331,https://data.omgeving.vlaanderen.be/id/concept/fysico-chemisch/331,https://data.omgeving.vlaanderen.be/id/concept/fysico-chemisch/331,null,null,null,null,null
https://data.omgeving.vlaanderen.be/id/concept/fysico-chemisch/57,http://www.w3.org/2004/02/skos/core#Concept,https://data.omgeving.vlaanderen.be/id/conceptscheme/fysico-chemische-eigenschap,null,Geleidbaarheid (25°C),EC 25,null,http://www.eionet.europa.eu/gemet/concept/6229|http://www.eionet.europa.eu/gemet/concept/1686,https://data.omgeving.vlaanderen.be/id/concept/fysico-chemisch/322,https://data.omgeving.vlaanderen.be/id/concept/fysico-chemisch/322,https://data.omgeving.vlaanderen.be/id/concept/fysico-chemisch/322,null,null,null,null,null
https://data.omgeving.vlaanderen.be/id/concept/fysico-chemisch/58,http://www.w3.org/2004/02/skos/core#Concept,https://data.omgeving.vlaanderen.be/id/conceptscheme/fysico-chemische-eigenschap,null,Filterverzadiging,FPFV,https://data.omgeving.vlaanderen.be/id/conceptscheme/fysico-chemische-eigenschap,http://www.eionet.europa.eu/gemet/concept/1322|http://www.eionet.europa.eu/gemet/concept/6229,null,null,null,null,null,null,null,null
https://data.omgeving.vlaanderen.be/id/concept/fysico-chemisch/59,http://www.w3.org/2004/02/skos/core#Concept,https://data.omgeving.vlaanderen.be/id/conceptscheme/fysico-chemische-eigenschap,null,Korrelgrootte distributie <4µm,Gran<4,null,http://www.eionet.europa.eu/gemet/concept/1322|http://www.eionet.europa.eu/gemet/concept/6229,https://data.omgeving.vlaanderen.be/id/concept/fysico-chemisch/331,https://data.omgeving.vlaanderen.be/id/concept/fysico-chemisch/331,https://data.omgeving.vlaanderen.be/id/concept/fysico-chemisch/331,null,null,null,null,null
https://data.omgeving.vlaanderen.be/id/concept/fysico-chemisch/6,http://www.w3.org/2004/02/skos/core#Concept,https://data.omgeving.vlaanderen.be/id/conceptscheme/fysico-chemische-eigenschap,null,Droogrest,DR,https://data.omgeving.vlaanderen.be/id/conceptscheme/fysico-chemische-eigenschap,http://www.eionet.europa.eu/gemet/concept/1322|http://www.eionet.europa.eu/gemet/concept/6229,null,null,https://data.omgeving.vlaanderen.be/id/concept/fysico-chemisch/7|https://data.omgeving.vlaanderen.be/id/concept/fysico-chemisch/8,https://data.omgeving.vlaanderen.be/id/concept/fysico-chemisch/7|https://data.omgeving.vlaanderen.be/id/concept/fysico-chemisch/8,https://data.omgeving.vlaanderen.be/id/concept/fysico-chemisch/7|https://data.omgeving.vlaanderen.be/id/concept/fysico-chemisch/8,null,null,null
https://data.omgeving.vlaanderen.be/id/concept/fysico-chemisch/60,http://www.w3.org/2004/02/skos/core#Concept,https://data.omgeving.vlaanderen.be/id/conceptscheme/fysico-chemische-eigenschap,null,Korrelgrootte distributie <8µm,Gran<8,null,http://www.eionet.europa.eu/gemet/concept/1322|http://www.eionet.europa.eu/gemet/concept/6229,https://data.omgeving.vlaanderen.be/id/concept/fysico-chemisch/331,https://data.omgeving.vlaanderen.be/id/concept/fysico-chemisch/331,https://data.omgeving.vlaanderen.be/id/concept/fysico-chemisch/331,null,null,null,null,null
https://data.omgeving.vlaanderen.be/id/concept/fysico-chemisch/61,http://www.w3.org/2004/02/skos/core#Concept,https://data.omgeving.vlaanderen.be/id/conceptscheme/fysico-chemische-eigenschap,null,Korrelgrootte distributie <32µm,Gran<32,null,http://www.eionet.europa.eu/gemet/concept/1322|http://www.eionet.europa.eu/gemet/concept/6229,https://data.omgeving.vlaanderen.be/id/concept/fysico-chemisch/331,https://data.omgeving.vlaanderen.be/id/concept/fysico-chemisch/331,https://data.omgeving.vlaanderen.be/id/concept/fysico-chemisch/331,null,null,null,null,null
https://data.omgeving.vlaanderen.be/id/concept/fysico-chemisch/62,http://www.w3.org/2004/02/skos/core#Concept,https://data.omgeving.vlaanderen.be/id/conceptscheme/fysico-chemische-eigenschap,null,"Straling, ultraviolet (type A)",Straling uv-A,https://data.omgeving.vlaanderen.be/id/conceptscheme/fysico-chemische-eigenschap,http://www.eionet.europa.eu/gemet/concept/1322|http://www.eionet.europa.eu/gemet/concept/6229,null,null,null,null,null,null,null,null
https://data.omgeving.vlaanderen.be/id/concept/fysico-chemisch/63,http://www.w3.org/2004/02/skos/core#Concept,https://data.omgeving.vlaanderen.be/id/conceptscheme/fysico-chemische-eigenschap,null,"Straling, netto",Straling n,https://data.omgeving.vlaanderen.be/id/conceptscheme/fysico-chemische-eigenschap,http://www.eionet.europa.eu/gemet/concept/1322|http://www.eionet.europa.eu/gemet/concept/6229,null,null,null,null,null,null,null,null
https://data.omgeving.vlaanderen.be/id/concept/fysico-chemisch/64,http://www.w3.org/2004/02/skos/core#Concept,https://data.omgeving.vlaanderen.be/id/conceptscheme/fysico-chemische-eigenschap,null,Luchtdruk op stationshoogte (QFE),Luchtdruk sh,https://data.omgeving.vlaanderen.be/id/conceptscheme/fysico-chemische-eigenschap,http://www.eionet.europa.eu/gemet/concept/1322|http://www.eionet.europa.eu/gemet/concept/6229,null,null,null,null,null,null,null,null
https://data.omgeving.vlaanderen.be/id/concept/fysico-chemisch/65,http://www.w3.org/2004/02/skos/core#Concept,https://data.omgeving.vlaanderen.be/id/conceptscheme/fysico-chemische-eigenschap,null,Relatieve vochtigheid,Rel.vocht,https://data.omgeving.vlaanderen.be/id/conceptscheme/fysico-chemische-eigenschap,http://www.eionet.europa.eu/gemet/concept/1322|http://www.eionet.europa.eu/gemet/concept/6229,null,null,null,null,null,null,null,null
https://data.omgeving.vlaanderen.be/id/concept/fysico-chemisch/66,http://www.w3.org/2004/02/skos/core#Concept,https://data.omgeving.vlaanderen.be/id/conceptscheme/fysico-chemische-eigenschap,null,"Zonnestraling, totaal",Zon t,https://data.omgeving.vlaanderen.be/id/conceptscheme/fysico-chemische-eigenschap,http://www.eionet.europa.eu/gemet/concept/1322|http://www.eionet.europa.eu/gemet/concept/6229,null,null,null,null,null,null,null,null
https://data.omgeving.vlaanderen.be/id/concept/fysico-chemisch/67,http://www.w3.org/2004/02/skos/core#Concept,https://data.omgeving.vlaanderen.be/id/conceptscheme/fysico-chemische-eigenschap,null,Windrichting,DD,https://data.omgeving.vlaanderen.be/id/conceptscheme/fysico-chemische-eigenschap,http://www.eionet.europa.eu/gemet/concept/1322|http://www.eionet.europa.eu/gemet/concept/6229,null,null,null,null,null,null,null,null
https://data.omgeving.vlaanderen.be/id/concept/fysico-chemisch/68,http://www.w3.org/2004/02/skos/core#Concept,https://data.omgeving.vlaanderen.be/id/conceptscheme/fysico-chemische-eigenschap,null,"Windsnelheid, scalair",VM,https://data.omgeving.vlaanderen.be/id/conceptscheme/fysico-chemische-eigenschap,http://www.eionet.europa.eu/gemet/concept/1322|http://www.eionet.europa.eu/gemet/concept/6229,null,null,null,null,null,null,null,null
https://data.omgeving.vlaanderen.be/id/concept/fysico-chemisch/69,http://www.w3.org/2004/02/skos/core#Concept,https://data.omgeving.vlaanderen.be/id/conceptscheme/fysico-chemische-eigenschap,null,"Windsnelheid, vectorieel",FF,https://data.omgeving.vlaanderen.be/id/conceptscheme/fysico-chemische-eigenschap,http://www.eionet.europa.eu/gemet/concept/1322|http://www.eionet.europa.eu/gemet/concept/6229,null,null,null,null,null,null,null,null
https://data.omgeving.vlaanderen.be/id/concept/fysico-chemisch/7,http://www.w3.org/2004/02/skos/core#Concept,https://data.omgeving.vlaanderen.be/id/conceptscheme/fysico-chemische-eigenschap,null,Droogresten (105°C),DR105,null,http://www.eionet.europa.eu/gemet/concept/1322|http://www.eionet.europa.eu/gemet/concept/6229,https://data.omgeving.vlaanderen.be/id/concept/fysico-chemisch/6,https://data.omgeving.vlaanderen.be/id/concept/fysico-chemisch/6,https://data.omgeving.vlaanderen.be/id/concept/fysico-chemisch/6,null,null,null,null,null
https://data.omgeving.vlaanderen.be/id/concept/fysico-chemisch/70,http://www.w3.org/2004/02/skos/core#Concept,https://data.omgeving.vlaanderen.be/id/conceptscheme/fysico-chemische-eigenschap,null,Lengte,Lengte,https://data.omgeving.vlaanderen.be/id/conceptscheme/fysico-chemische-eigenschap,http://www.eionet.europa.eu/gemet/concept/1322|http://www.eionet.europa.eu/gemet/concept/6229,null,null,null,null,null,null,null,null
https://data.omgeving.vlaanderen.be/id/concept/fysico-chemisch/71,http://www.w3.org/2004/02/skos/core#Concept,https://data.omgeving.vlaanderen.be/id/conceptscheme/fysico-chemische-eigenschap,null,Breedte,Breedte,https://data.omgeving.vlaanderen.be/id/conceptscheme/fysico-chemische-eigenschap,http://www.eionet.europa.eu/gemet/concept/1322|http://www.eionet.europa.eu/gemet/concept/6229,null,null,null,null,null,null,null,null
https://data.omgeving.vlaanderen.be/id/concept/fysico-chemisch/72,http://www.w3.org/2004/02/skos/core#Concept,https://data.omgeving.vlaanderen.be/id/conceptscheme/fysico-chemische-eigenschap,null,Bemonsteringsdiepte,Diepte,https://data.omgeving.vlaanderen.be/id/conceptscheme/fysico-chemische-eigenschap,http://www.eionet.europa.eu/gemet/concept/1322|http://www.eionet.europa.eu/gemet/concept/6229,null,null,null,null,null,null,null,null
https://data.omgeving.vlaanderen.be/id/concept/fysico-chemisch/73,http://www.w3.org/2004/02/skos/core#Concept,https://data.omgeving.vlaanderen.be/id/conceptscheme/fysico-chemische-eigenschap,null,Dikte,Dikte,https://data.omgeving.vlaanderen.be/id/conceptscheme/fysico-chemische-eigenschap,http://www.eionet.europa.eu/gemet/concept/1322|http://www.eionet.europa.eu/gemet/concept/6229,null,null,null,null,null,null,null,null
https://data.omgeving.vlaanderen.be/id/concept/fysico-chemisch/74,http://www.w3.org/2004/02/skos/core#Concept,https://data.omgeving.vlaanderen.be/id/conceptscheme/fysico-chemische-eigenschap,null,Dauwpunt,Dauwpunt,https://data.omgeving.vlaanderen.be/id/conceptscheme/fysico-chemische-eigenschap,http://www.eionet.europa.eu/gemet/concept/1322|http://www.eionet.europa.eu/gemet/concept/6229,null,null,null,null,null,null,null,null
https://data.omgeving.vlaanderen.be/id/concept/fysico-chemisch/75,http://www.w3.org/2004/02/skos/core#Concept,https://data.omgeving.vlaanderen.be/id/conceptscheme/fysico-chemische-eigenschap,null,Temperatuursverschil,Tv,https://data.omgeving.vlaanderen.be/id/conceptscheme/fysico-chemische-eigenschap,http://www.eionet.europa.eu/gemet/concept/1322|http://www.eionet.europa.eu/gemet/concept/6229,null,null,null,null,null,null,null,null
https://data.omgeving.vlaanderen.be/id/concept/fysico-chemisch/76,http://www.w3.org/2004/02/skos/core#Concept,https://data.omgeving.vlaanderen.be/id/conceptscheme/fysico-chemische-eigenschap,null,Zuurtegraad,H+,https://data.omgeving.vlaanderen.be/id/conceptscheme/fysico-chemische-eigenschap,http://www.eionet.europa.eu/gemet/concept/1322|http://www.eionet.europa.eu/gemet/concept/6229,null,null,https://data.omgeving.vlaanderen.be/id/concept/fysico-chemisch/111|https://data.omgeving.vlaanderen.be/id/concept/fysico-chemisch/24|https://data.omgeving.vlaanderen.be/id/concept/fysico-chemisch/25|https://data.omgeving.vlaanderen.be/id/concept/fysico-chemisch/51,https://data.omgeving.vlaanderen.be/id/concept/fysico-chemisch/111|https://data.omgeving.vlaanderen.be/id/concept/fysico-chemisch/24|https://data.omgeving.vlaanderen.be/id/concept/fysico-chemisch/25|https://data.omgeving.vlaanderen.be/id/concept/fysico-chemisch/51,https://data.omgeving.vlaanderen.be/id/concept/fysico-chemisch/111|https://data.omgeving.vlaanderen.be/id/concept/fysico-chemisch/24|https://data.omgeving.vlaanderen.be/id/concept/fysico-chemisch/25|https://data.omgeving.vlaanderen.be/id/concept/fysico-chemisch/51,null,null,null
https://data.omgeving.vlaanderen.be/id/concept/fysico-chemisch/77,http://www.w3.org/2004/02/skos/core#Concept,https://data.omgeving.vlaanderen.be/id/conceptscheme/fysico-chemische-eigenschap,null,"Straling, ultraviolet (type B)",Straling uv-B,https://data.omgeving.vlaanderen.be/id/conceptscheme/fysico-chemische-eigenschap,http://www.eionet.europa.eu/gemet/concept/1322|http://www.eionet.europa.eu/gemet/concept/6229,null,null,null,null,null,null,null,null
https://data.omgeving.vlaanderen.be/id/concept/fysico-chemisch/78,http://www.w3.org/2004/02/skos/core#Concept,https://data.omgeving.vlaanderen.be/id/conceptscheme/fysico-chemische-eigenschap,null,Isotopenverhouding koolstof 13 en 12,d13C,https://data.omgeving.vlaanderen.be/id/conceptscheme/fysico-chemische-eigenschap,http://www.eionet.europa.eu/gemet/concept/1322|http://www.eionet.europa.eu/gemet/concept/6229,null,null,null,null,null,null,null,null
https://data.omgeving.vlaanderen.be/id/concept/fysico-chemisch/79,http://www.w3.org/2004/02/skos/core#Concept,https://data.omgeving.vlaanderen.be/id/conceptscheme/fysico-chemische-eigenschap,null,Isotopenverhouding stikstof 15 en 14,d15N,https://data.omgeving.vlaanderen.be/id/conceptscheme/fysico-chemische-eigenschap,http://www.eionet.europa.eu/gemet/concept/1322|http://www.eionet.europa.eu/gemet/concept/6229,null,null,null,null,null,null,null,null
https://data.omgeving.vlaanderen.be/id/concept/fysico-chemisch/8,http://www.w3.org/2004/02/skos/core#Concept,https://data.omgeving.vlaanderen.be/id/conceptscheme/fysico-chemische-eigenschap,null,Droogresten (180°C),DR180,null,http://www.eionet.europa.eu/gemet/concept/1322|http://www.eionet.europa.eu/gemet/concept/6229,https://data.omgeving.vlaanderen.be/id/concept/fysico-chemisch/6,https://data.omgeving.vlaanderen.be/id/concept/fysico-chemisch/6,https://data.omgeving.vlaanderen.be/id/concept/fysico-chemisch/6,null,null,null,null,null
https://data.omgeving.vlaanderen.be/id/concept/fysico-chemisch/80,http://www.w3.org/2004/02/skos/core#Concept,https://data.omgeving.vlaanderen.be/id/conceptscheme/fysico-chemische-eigenschap,null,CIE 1976 totaal kleurverschil,DE*ab,null,http://www.eionet.europa.eu/gemet/concept/1322|http://www.eionet.europa.eu/gemet/concept/6229,https://data.omgeving.vlaanderen.be/id/concept/fysico-chemisch/18,https://data.omgeving.vlaanderen.be/id/concept/fysico-chemisch/18,https://data.omgeving.vlaanderen.be/id/concept/fysico-chemisch/18,null,null,kleur,null,null
https://data.omgeving.vlaanderen.be/id/concept/fysico-chemisch/81,http://www.w3.org/2004/02/skos/core#Concept,https://data.omgeving.vlaanderen.be/id/conceptscheme/fysico-chemische-eigenschap,null,Gewicht,Gewicht,https://data.omgeving.vlaanderen.be/id/conceptscheme/fysico-chemische-eigenschap,http://www.eionet.europa.eu/gemet/concept/1322|http://www.eionet.europa.eu/gemet/concept/6229,null,null,https://data.omgeving.vlaanderen.be/id/concept/fysico-chemisch/92|https://data.omgeving.vlaanderen.be/id/concept/fysico-chemisch/93,https://data.omgeving.vlaanderen.be/id/concept/fysico-chemisch/92|https://data.omgeving.vlaanderen.be/id/concept/fysico-chemisch/93,https://data.omgeving.vlaanderen.be/id/concept/fysico-chemisch/92|https://data.omgeving.vlaanderen.be/id/concept/fysico-chemisch/93,null,null,null
https://data.omgeving.vlaanderen.be/id/concept/fysico-chemisch/82,http://www.w3.org/2004/02/skos/core#Concept,https://data.omgeving.vlaanderen.be/id/conceptscheme/fysico-chemische-eigenschap,null,Biodegradeerbaarheid,BioDegr,https://data.omgeving.vlaanderen.be/id/conceptscheme/fysico-chemische-eigenschap,http://www.eionet.europa.eu/gemet/concept/1322|http://www.eionet.europa.eu/gemet/concept/6229,null,null,null,null,null,null,null,null
https://data.omgeving.vlaanderen.be/id/concept/fysico-chemisch/84,http://www.w3.org/2004/02/skos/core#Concept,https://data.omgeving.vlaanderen.be/id/conceptscheme/fysico-chemische-eigenschap,null,Rendement BZV5 ten opzichte van influentbelasting,BZV5 rendement,https://data.omgeving.vlaanderen.be/id/conceptscheme/fysico-chemische-eigenschap,http://www.eionet.europa.eu/gemet/concept/1322|http://www.eionet.europa.eu/gemet/concept/6229,null,null,null,null,null,null,null,null
https://data.omgeving.vlaanderen.be/id/concept/fysico-chemisch/85,http://www.w3.org/2004/02/skos/core#Concept,https://data.omgeving.vlaanderen.be/id/conceptscheme/fysico-chemische-eigenschap,null,Rendement CZV ten opzichte van influentbelasting,CZV rendement,https://data.omgeving.vlaanderen.be/id/conceptscheme/fysico-chemische-eigenschap,http://www.eionet.europa.eu/gemet/concept/1322|http://www.eionet.europa.eu/gemet/concept/6229,null,null,null,null,null,null,null,null
https://data.omgeving.vlaanderen.be/id/concept/fysico-chemisch/86,http://www.w3.org/2004/02/skos/core#Concept,https://data.omgeving.vlaanderen.be/id/conceptscheme/fysico-chemische-eigenschap,null,rendement N t tov influentbelasting,N t rendement,https://data.omgeving.vlaanderen.be/id/conceptscheme/fysico-chemische-eigenschap,http://www.eionet.europa.eu/gemet/concept/1322|http://www.eionet.europa.eu/gemet/concept/6229,null,null,null,null,null,null,null,null
https://data.omgeving.vlaanderen.be/id/concept/fysico-chemisch/87,http://www.w3.org/2004/02/skos/core#Concept,https://data.omgeving.vlaanderen.be/id/conceptscheme/fysico-chemische-eigenschap,null,Met waterdamp vluchtige fenolen,Fol h2o_vlucht,https://data.omgeving.vlaanderen.be/id/conceptscheme/fysico-chemische-eigenschap,http://www.eionet.europa.eu/gemet/concept/1322|http://www.eionet.europa.eu/gemet/concept/6229,null,null,null,null,null,null,null,null
https://data.omgeving.vlaanderen.be/id/concept/fysico-chemisch/88,http://www.w3.org/2004/02/skos/core#Concept,https://data.omgeving.vlaanderen.be/id/conceptscheme/fysico-chemische-eigenschap,null,CZV/BZV-verhoudingen,CZV/BZV,https://data.omgeving.vlaanderen.be/id/conceptscheme/fysico-chemische-eigenschap,http://www.eionet.europa.eu/gemet/concept/1322|http://www.eionet.europa.eu/gemet/concept/6229,null,null,null,null,null,null,null,null
https://data.omgeving.vlaanderen.be/id/concept/fysico-chemisch/89,http://www.w3.org/2004/02/skos/core#Concept,https://data.omgeving.vlaanderen.be/id/conceptscheme/fysico-chemische-eigenschap,null,BZV/N-verhouding,BZV/N,https://data.omgeving.vlaanderen.be/id/conceptscheme/fysico-chemische-eigenschap,http://www.eionet.europa.eu/gemet/concept/1322|http://www.eionet.europa.eu/gemet/concept/6229,null,null,null,null,null,null,null,null
https://data.omgeving.vlaanderen.be/id/concept/fysico-chemisch/9,http://www.w3.org/2004/02/skos/core#Concept,https://data.omgeving.vlaanderen.be/id/conceptscheme/fysico-chemische-eigenschap,null,Geleidbaarheid (20°C),EC 20,null,http://www.eionet.europa.eu/gemet/concept/6229|http://www.eionet.europa.eu/gemet/concept/1686,https://data.omgeving.vlaanderen.be/id/concept/fysico-chemisch/322,https://data.omgeving.vlaanderen.be/id/concept/fysico-chemisch/322,https://data.omgeving.vlaanderen.be/id/concept/fysico-chemisch/322,null,null,null,null,null
https://data.omgeving.vlaanderen.be/id/concept/fysico-chemisch/90,http://www.w3.org/2004/02/skos/core#Concept,https://data.omgeving.vlaanderen.be/id/conceptscheme/fysico-chemische-eigenschap,null,BZV/P-verhouding,BZV/P,https://data.omgeving.vlaanderen.be/id/conceptscheme/fysico-chemische-eigenschap,http://www.eionet.europa.eu/gemet/concept/1322|http://www.eionet.europa.eu/gemet/concept/6229,null,null,null,null,null,null,null,null
https://data.omgeving.vlaanderen.be/id/concept/fysico-chemisch/91,http://www.w3.org/2004/02/skos/core#Concept,https://data.omgeving.vlaanderen.be/id/conceptscheme/fysico-chemische-eigenschap,null,CZV/N-verhouding,CZV/N,https://data.omgeving.vlaanderen.be/id/conceptscheme/fysico-chemische-eigenschap,http://www.eionet.europa.eu/gemet/concept/1322|http://www.eionet.europa.eu/gemet/concept/6229,null,null,null,null,null,null,null,null
https://data.omgeving.vlaanderen.be/id/concept/fysico-chemisch/92,http://www.w3.org/2004/02/skos/core#Concept,https://data.omgeving.vlaanderen.be/id/conceptscheme/fysico-chemische-eigenschap,null,Gewicht fles 1 (neerslagwater),Deelgewicht 1,null,http://www.eionet.europa.eu/gemet/concept/1322|http://www.eionet.europa.eu/gemet/concept/6229,https://data.omgeving.vlaanderen.be/id/concept/fysico-chemisch/81,https://data.omgeving.vlaanderen.be/id/concept/fysico-chemisch/81,https://data.omgeving.vlaanderen.be/id/concept/fysico-chemisch/81,null,null,null,null,null
https://data.omgeving.vlaanderen.be/id/concept/fysico-chemisch/93,http://www.w3.org/2004/02/skos/core#Concept,https://data.omgeving.vlaanderen.be/id/conceptscheme/fysico-chemische-eigenschap,null,Gewicht fles 2 (neerslagwater),Deelgewicht 2,null,http://www.eionet.europa.eu/gemet/concept/1322|http://www.eionet.europa.eu/gemet/concept/6229,https://data.omgeving.vlaanderen.be/id/concept/fysico-chemisch/81,https://data.omgeving.vlaanderen.be/id/concept/fysico-chemisch/81,https://data.omgeving.vlaanderen.be/id/concept/fysico-chemisch/81,null,null,null,null,null
https://data.omgeving.vlaanderen.be/id/concept/fysico-chemisch/94,http://www.w3.org/2004/02/skos/core#Concept,https://data.omgeving.vlaanderen.be/id/conceptscheme/fysico-chemische-eigenschap,null,Verschil tss wegingen bemonsterde filter,Bem verschil,https://data.omgeving.vlaanderen.be/id/conceptscheme/fysico-chemische-eigenschap,http://www.eionet.europa.eu/gemet/concept/1322|http://www.eionet.europa.eu/gemet/concept/6229,null,null,null,null,null,null,null,null
https://data.omgeving.vlaanderen.be/id/concept/fysico-chemisch/95,http://www.w3.org/2004/02/skos/core#Concept,https://data.omgeving.vlaanderen.be/id/conceptscheme/fysico-chemische-eigenschap,null,Gemiddelde vd wegingen bemonsterde filter,Bem gem,https://data.omgeving.vlaanderen.be/id/conceptscheme/fysico-chemische-eigenschap,http://www.eionet.europa.eu/gemet/concept/1322|http://www.eionet.europa.eu/gemet/concept/6229,null,null,null,null,null,null,null,null
https://data.omgeving.vlaanderen.be/id/concept/fysico-chemisch/96,http://www.w3.org/2004/02/skos/core#Concept,https://data.omgeving.vlaanderen.be/id/conceptscheme/fysico-chemische-eigenschap,null,Deeltjesaantal 10-20 nm,NC10-20,https://data.omgeving.vlaanderen.be/id/conceptscheme/fysico-chemische-eigenschap,http://www.eionet.europa.eu/gemet/concept/1322|http://www.eionet.europa.eu/gemet/concept/6229,null,null,null,null,null,null,null,null
https://data.omgeving.vlaanderen.be/id/concept/fysico-chemisch/97,http://www.w3.org/2004/02/skos/core#Concept,https://data.omgeving.vlaanderen.be/id/conceptscheme/fysico-chemische-eigenschap,null,Deeltjesaantal 20-30 nm,NC20-30,https://data.omgeving.vlaanderen.be/id/conceptscheme/fysico-chemische-eigenschap,http://www.eionet.europa.eu/gemet/concept/1322|http://www.eionet.europa.eu/gemet/concept/6229,null,null,null,null,null,null,null,null
https://data.omgeving.vlaanderen.be/id/concept/fysico-chemisch/98,http://www.w3.org/2004/02/skos/core#Concept,https://data.omgeving.vlaanderen.be/id/conceptscheme/fysico-chemische-eigenschap,null,Deeltjesaantal 30-50 nm,NC30-50,https://data.omgeving.vlaanderen.be/id/conceptscheme/fysico-chemische-eigenschap,http://www.eionet.europa.eu/gemet/concept/1322|http://www.eionet.europa.eu/gemet/concept/6229,null,null,null,null,null,null,null,null
https://data.omgeving.vlaanderen.be/id/concept/fysico-chemisch/99,http://www.w3.org/2004/02/skos/core#Concept,https://data.omgeving.vlaanderen.be/id/conceptscheme/fysico-chemische-eigenschap,null,Deeltjesaantal 50-70 nm,NC50-70,https://data.omgeving.vlaanderen.be/id/conceptscheme/fysico-chemische-eigenschap,http://www.eionet.europa.eu/gemet/concept/1322|http://www.eionet.europa.eu/gemet/concept/6229,null,null,null,null,null,null,null,null
https://data.omgeving.vlaanderen.be/id/conceptscheme/fysico-chemische-eigenschap,http://www.w3.org/2004/02/skos/core#ConceptScheme,null,null,Codelijst fysico-chemische eigenschappen,null,null,null,null,null,null,null,null,null,https://data.omgeving.vlaanderen.be/id/dataset/codelijst-fysico-chemische-eigenschap,https://data.omgeving.vlaanderen.be/id/concept/fysico-chemisch/100|https://data.omgeving.vlaanderen.be/id/concept/fysico-chemisch/101|https://data.omgeving.vlaanderen.be/id/concept/fysico-chemisch/102|https://data.omgeving.vlaanderen.be/id/concept/fysico-chemisch/103|https://data.omgeving.vlaanderen.be/id/concept/fysico-chemisch/115|https://data.omgeving.vlaanderen.be/id/concept/fysico-chemisch/11|https://data.omgeving.vlaanderen.be/id/concept/fysico-chemisch/12|https://data.omgeving.vlaanderen.be/id/concept/fysico-chemisch/15|https://data.omgeving.vlaanderen.be/id/concept/fysico-chemisch/16|https://data.omgeving.vlaanderen.be/id/concept/fysico-chemisch/17|https://data.omgeving.vlaanderen.be/id/concept/fysico-chemisch/18|https://data.omgeving.vlaanderen.be/id/concept/fysico-chemisch/1|https://data.omgeving.vlaanderen.be/id/concept/fysico-chemisch/23|https://data.omgeving.vlaanderen.be/id/concept/fysico-chemisch/26|https://data.omgeving.vlaanderen.be/id/concept/fysico-chemisch/27|https://data.omgeving.vlaanderen.be/id/concept/fysico-chemisch/28|https://data.omgeving.vlaanderen.be/id/concept/fysico-chemisch/29|https://data.omgeving.vlaanderen.be/id/concept/fysico-chemisch/30|https://data.omgeving.vlaanderen.be/id/concept/fysico-chemisch/31|https://data.omgeving.vlaanderen.be/id/concept/fysico-chemisch/32|https://data.omgeving.vlaanderen.be/id/concept/fysico-chemisch/33|https://data.omgeving.vlaanderen.be/id/concept/fysico-chemisch/36|https://data.omgeving.vlaanderen.be/id/concept/fysico-chemisch/37|https://data.omgeving.vlaanderen.be/id/concept/fysico-chemisch/38|https://data.omgeving.vlaanderen.be/id/concept/fysico-chemisch/39|https://data.omgeving.vlaanderen.be/id/concept/fysico-chemisch/3|https://data.omgeving.vlaanderen.be/id/concept/fysico-chemisch/40|https://data.omgeving.vlaanderen.be/id/concept/fysico-chemisch/41|https://data.omgeving.vlaanderen.be/id/concept/fysico-chemisch/42|https://data.omgeving.vlaanderen.be/id/concept/fysico-chemisch/43|https://data.omgeving.vlaanderen.be/id/concept/fysico-chemisch/44|https://data.omgeving.vlaanderen.be/id/concept/fysico-chemisch/45|https://data.omgeving.vlaanderen.be/id/concept/fysico-chemisch/46|https://data.omgeving.vlaanderen.be/id/concept/fysico-chemisch/47|https://data.omgeving.vlaanderen.be/id/concept/fysico-chemisch/49|https://data.omgeving.vlaanderen.be/id/concept/fysico-chemisch/4|https://data.omgeving.vlaanderen.be/id/concept/fysico-chemisch/50|https://data.omgeving.vlaanderen.be/id/concept/fysico-chemisch/52|https://data.omgeving.vlaanderen.be/id/concept/fysico-chemisch/53|https://data.omgeving.vlaanderen.be/id/concept/fysico-chemisch/58|https://data.omgeving.vlaanderen.be/id/concept/fysico-chemisch/5|https://data.omgeving.vlaanderen.be/id/concept/fysico-chemisch/62|https://data.omgeving.vlaanderen.be/id/concept/fysico-chemisch/63|https://data.omgeving.vlaanderen.be/id/concept/fysico-chemisch/64|https://data.omgeving.vlaanderen.be/id/concept/fysico-chemisch/65|https://data.omgeving.vlaanderen.be/id/concept/fysico-chemisch/66|https://data.omgeving.vlaanderen.be/id/concept/fysico-chemisch/67|https://data.omgeving.vlaanderen.be/id/concept/fysico-chemisch/68|https://data.omgeving.vlaanderen.be/id/concept/fysico-chemisch/69|https://data.omgeving.vlaanderen.be/id/concept/fysico-chemisch/6|https://data.omgeving.vlaanderen.be/id/concept/fysico-chemisch/70|https://data.omgeving.vlaanderen.be/id/concept/fysico-chemisch/71|https://data.omgeving.vlaanderen.be/id/concept/fysico-chemisch/72|https://data.omgeving.vlaanderen.be/id/concept/fysico-chemisch/73|https://data.omgeving.vlaanderen.be/id/concept/fysico-chemisch/74|https://data.omgeving.vlaanderen.be/id/concept/fysico-chemisch/75|https://data.omgeving.vlaanderen.be/id/concept/fysico-chemisch/76|https://data.omgeving.vlaanderen.be/id/concept/fysico-chemisch/77|https://data.omgeving.vlaanderen.be/id/concept/fysico-chemisch/78|https://data.omgeving.vlaanderen.be/id/concept/fysico-chemisch/79|https://data.omgeving.vlaanderen.be/id/concept/fysico-chemisch/81|https://data.omgeving.vlaanderen.be/id/concept/fysico-chemisch/82|https://data.omgeving.vlaanderen.be/id/concept/fysico-chemisch/84|https://data.omgeving.vlaanderen.be/id/concept/fysico-chemisch/85|https://data.omgeving.vlaanderen.be/id/concept/fysico-chemisch/86|https://data.omgeving.vlaanderen.be/id/concept/fysico-chemisch/87|https://data.omgeving.vlaanderen.be/id/concept/fysico-chemisch/88|https://data.omgeving.vlaanderen.be/id/concept/fysico-chemisch/89|https://data.omgeving.vlaanderen.be/id/concept/fysico-chemisch/90|https://data.omgeving.vlaanderen.be/id/concept/fysico-chemisch/91|https://data.omgeving.vlaanderen.be/id/concept/fysico-chemisch/94|https://data.omgeving.vlaanderen.be/id/concept/fysico-chemisch/95|https://data.omgeving.vlaanderen.be/id/concept/fysico-chemisch/96|https://data.omgeving.vlaanderen.be/id/concept/fysico-chemisch/97|https://data.omgeving.vlaanderen.be/id/concept/fysico-chemisch/98|https://data.omgeving.vlaanderen.be/id/concept/fysico-chemisch/99|https://data.omgeving.vlaanderen.be/id/concept/fysico-chemisch/322|https://data.omgeving.vlaanderen.be/id/concept/fysico-chemisch/331|https://data.omgeving.vlaanderen.be/id/concept/fysico-chemisch/117|https://data.omgeving.vlaanderen.be/id/concept/fysico-chemisch/118|https://data.omgeving.vlaanderen.be/id/concept/fysico-chemisch/119|https://data.omgeving.vlaanderen.be/id/concept/fysico-chemisch/120|https://data.omgeving.vlaanderen.be/id/concept/fysico-chemisch/121|https://data.omgeving.vlaanderen.be/id/concept/fysico-chemisch/122|https://data.omgeving.vlaanderen.be/id/concept/fysico-chemisch/150|https://data.omgeving.vlaanderen.be/id/concept/fysico-chemisch/151|https://data.omgeving.vlaanderen.be/id/concept/fysico-chemisch/152|https://data.omgeving.vlaanderen.be/id/concept/fysico-chemisch/166|https://data.omgeving.vlaanderen.be/id/concept/fysico-chemisch/167|https://data.omgeving.vlaanderen.be/id/concept/fysico-chemisch/168|https://data.omgeving.vlaanderen.be/id/concept/fysico-chemisch/169|https://data.omgeving.vlaanderen.be/id/concept/fysico-chemisch/170|https://data.omgeving.vlaanderen.be/id/concept/fysico-chemisch/171|https://data.omgeving.vlaanderen.be/id/concept/fysico-chemisch/173|https://data.omgeving.vlaanderen.be/id/concept/fysico-chemisch/174|https://data.omgeving.vlaanderen.be/id/concept/fysico-chemisch/175|https://data.omgeving.vlaanderen.be/id/concept/fysico-chemisch/176|https://data.omgeving.vlaanderen.be/id/concept/fysico-chemisch/177|https://data.omgeving.vlaanderen.be/id/concept/fysico-chemisch/178|https://data.omgeving.vlaanderen.be/id/concept/fysico-chemisch/179|https://data.omgeving.vlaanderen.be/id/concept/fysico-chemisch/180|https://data.omgeving.vlaanderen.be/id/concept/fysico-chemisch/181|https://data.omgeving.vlaanderen.be/id/concept/fysico-chemisch/182|https://data.omgeving.vlaanderen.be/id/concept/fysico-chemisch/183|https://data.omgeving.vlaanderen.be/id/concept/fysico-chemisch/184|https://data.omgeving.vlaanderen.be/id/concept/fysico-chemisch/185|https://data.omgeving.vlaanderen.be/id/concept/fysico-chemisch/186|https://data.omgeving.vlaanderen.be/id/concept/fysico-chemisch/187|https://data.omgeving.vlaanderen.be/id/concept/fysico-chemisch/188|https://data.omgeving.vlaanderen.be/id/concept/fysico-chemisch/189|https://data.omgeving.vlaanderen.be/id/concept/fysico-chemisch/190|https://data.omgeving.vlaanderen.be/id/concept/fysico-chemisch/191|https://data.omgeving.vlaanderen.be/id/concept/fysico-chemisch/192|https://data.omgeving.vlaanderen.be/id/concept/fysico-chemisch/193|https://data.omgeving.vlaanderen.be/id/concept/fysico-chemisch/194|https://data.omgeving.vlaanderen.be/id/concept/fysico-chemisch/195|https://data.omgeving.vlaanderen.be/id/concept/fysico-chemisch/196|https://data.omgeving.vlaanderen.be/id/concept/fysico-chemisch/197|https://data.omgeving.vlaanderen.be/id/concept/fysico-chemisch/199|https://data.omgeving.vlaanderen.be/id/concept/fysico-chemisch/200|https://data.omgeving.vlaanderen.be/id/concept/fysico-chemisch/201|https://data.omgeving.vlaanderen.be/id/concept/fysico-chemisch/202|https://data.omgeving.vlaanderen.be/id/concept/fysico-chemisch/203|https://data.omgeving.vlaanderen.be/id/concept/fysico-chemisch/204|https://data.omgeving.vlaanderen.be/id/concept/fysico-chemisch/207|https://data.omgeving.vlaanderen.be/id/concept/fysico-chemisch/208|https://data.omgeving.vlaanderen.be/id/concept/fysico-chemisch/209|https://data.omgeving.vlaanderen.be/id/concept/fysico-chemisch/210|https://data.omgeving.vlaanderen.be/id/concept/fysico-chemisch/211|https://data.omgeving.vlaanderen.be/id/concept/fysico-chemisch/212|https://data.omgeving.vlaanderen.be/id/concept/fysico-chemisch/213|https://data.omgeving.vlaanderen.be/id/concept/fysico-chemisch/214|https://data.omgeving.vlaanderen.be/id/concept/fysico-chemisch/215|https://data.omgeving.vlaanderen.be/id/concept/fysico-chemisch/216|https://data.omgeving.vlaanderen.be/id/concept/fysico-chemisch/217|https://data.omgeving.vlaanderen.be/id/concept/fysico-chemisch/218|https://data.omgeving.vlaanderen.be/id/concept/fysico-chemisch/219|https://data.omgeving.vlaanderen.be/id/concept/fysico-chemisch/220|https://data.omgeving.vlaanderen.be/id/concept/fysico-chemisch/221|https://data.omgeving.vlaanderen.be/id/concept/fysico-chemisch/330|https://data.omgeving.vlaanderen.be/id/concept/fysico-chemisch/248|https://data.omgeving.vlaanderen.be/id/concept/fysico-chemisch/249|https://data.omgeving.vlaanderen.be/id/concept/fysico-chemisch/250|https://data.omgeving.vlaanderen.be/id/concept/fysico-chemisch/251|https://data.omgeving.vlaanderen.be/id/concept/fysico-chemisch/252|https://data.omgeving.vlaanderen.be/id/concept/fysico-chemisch/253|https://data.omgeving.vlaanderen.be/id/concept/fysico-chemisch/254|https://data.omgeving.vlaanderen.be/id/concept/fysico-chemisch/255|https://data.omgeving.vlaanderen.be/id/concept/fysico-chemisch/256|https://data.omgeving.vlaanderen.be/id/concept/fysico-chemisch/257|https://data.omgeving.vlaanderen.be/id/concept/fysico-chemisch/258|https://data.omgeving.vlaanderen.be/id/concept/fysico-chemisch/259|https://data.omgeving.vlaanderen.be/id/concept/fysico-chemisch/260|https://data.omgeving.vlaanderen.be/id/concept/fysico-chemisch/261|https://data.omgeving.vlaanderen.be/id/concept/fysico-chemisch/262|https://data.omgeving.vlaanderen.be/id/concept/fysico-chemisch/263|https://data.omgeving.vlaanderen.be/id/concept/fysico-chemisch/264|https://data.omgeving.vlaanderen.be/id/concept/fysico-chemisch/265|https://data.omgeving.vlaanderen.be/id/concept/fysico-chemisch/280|https://data.omgeving.vlaanderen.be/id/concept/fysico-chemisch/281|https://data.omgeving.vlaanderen.be/id/concept/fysico-chemisch/282|https://data.omgeving.vlaanderen.be/id/concept/fysico-chemisch/283|https://data.omgeving.vlaanderen.be/id/concept/fysico-chemisch/284|https://data.omgeving.vlaanderen.be/id/concept/fysico-chemisch/285|https://data.omgeving.vlaanderen.be/id/concept/fysico-chemisch/286|https://data.omgeving.vlaanderen.be/id/concept/fysico-chemisch/287|https://data.omgeving.vlaanderen.be/id/concept/fysico-chemisch/288|https://data.omgeving.vlaanderen.be/id/concept/fysico-chemisch/289|https://data.omgeving.vlaanderen.be/id/concept/fysico-chemisch/290|https://data.omgeving.vlaanderen.be/id/concept/fysico-chemisch/291|https://data.omgeving.vlaanderen.be/id/concept/fysico-chemisch/292|https://data.omgeving.vlaanderen.be/id/concept/fysico-chemisch/293|https://data.omgeving.vlaanderen.be/id/concept/fysico-chemisch/294|https://data.omgeving.vlaanderen.be/id/concept/fysico-chemisch/295|https://data.omgeving.vlaanderen.be/id/concept/fysico-chemisch/296|https://data.omgeving.vlaanderen.be/id/concept/fysico-chemisch/297|https://data.omgeving.vlaanderen.be/id/concept/fysico-chemisch/298|https://data.omgeving.vlaanderen.be/id/concept/fysico-chemisch/299|https://data.omgeving.vlaanderen.be/id/concept/fysico-chemisch/300|https://data.omgeving.vlaanderen.be/id/concept/fysico-chemisch/301|https://data.omgeving.vlaanderen.be/id/concept/fysico-chemisch/302|https://data.omgeving.vlaanderen.be/id/concept/fysico-chemisch/303|https://data.omgeving.vlaanderen.be/id/concept/fysico-chemisch/304|https://data.omgeving.vlaanderen.be/id/concept/fysico-chemisch/305|https://data.omgeving.vlaanderen.be/id/concept/fysico-chemisch/306|https://data.omgeving.vlaanderen.be/id/concept/fysico-chemisch/307|https://data.omgeving.vlaanderen.be/id/concept/fysico-chemisch/308|https://data.omgeving.vlaanderen.be/id/concept/fysico-chemisch/309|https://data.omgeving.vlaanderen.be/id/concept/fysico-chemisch/310|https://data.omgeving.vlaanderen.be/id/concept/fysico-chemisch/311|https://data.omgeving.vlaanderen.be/id/concept/fysico-chemisch/312|https://data.omgeving.vlaanderen.be/id/concept/fysico-chemisch/313|https://data.omgeving.vlaanderen.be/id/concept/fysico-chemisch/314|https://data.omgeving.vlaanderen.be/id/concept/fysico-chemisch/315|https://data.omgeving.vlaanderen.be/id/concept/fysico-chemisch/316|https://data.omgeving.vlaanderen.be/id/concept/fysico-chemisch/317|https://data.omgeving.vlaanderen.be/id/concept/fysico-chemisch/318|https://data.omgeving.vlaanderen.be/id/concept/fysico-chemisch/319|https://data.omgeving.vlaanderen.be/id/concept/fysico-chemisch/320|https://data.omgeving.vlaanderen.be/id/concept/fysico-chemisch/321|https://data.omgeving.vlaanderen.be/id/concept/fysico-chemisch/324|https://data.omgeving.vlaanderen.be/id/concept/fysico-chemisch/325|https://data.omgeving.vlaanderen.be/id/concept/fysico-chemisch/326|https://data.omgeving.vlaanderen.be/id/concept/fysico-chemisch/327|https://data.omgeving.vlaanderen.be/id/concept/fysico-chemisch/328|https://data.omgeving.vlaanderen.be/id/concept/fysico-chemisch/329